sku,total_rows,distinct_locations,distinct_boxes,distinct_names,location_ids
SKU0393,8,7,1,1,cmlgo8w1z0000zvy5mwo8wc8k | cmnfr2q9u0b93xks32yg0ywqm | cmnqd3kds000jwo0wsq67se2k | cmnqd45qb01auwo0wbxjb20fx | cmnqd4okv02l5wo0wiq5oxilw | cmnr5cl6407shys0pz1pykii8 | cmnsobvxt000q77spq4tb1hx7 | [null]
SKU0394,8,7,1,1,cmlgo8w1z0000zvy5mwo8wc8k | cmnfr2q9u0b93xks32yg0ywqm | cmnqd3kds000jwo0wsq67se2k | cmnqd45qb01auwo0wbxjb20fx | cmnqd4okv02l5wo0wiq5oxilw | cmnr5cl6407shys0pz1pykii8 | cmnsobvxt000q77spq4tb1hx7 | [null]
SKU0395,8,7,1,1,cmlgo8w1z0000zvy5mwo8wc8k | cmnfr2q9u0b93xks32yg0ywqm | cmnqd3kds000jwo0wsq67se2k | cmnqd45qb01auwo0wbxjb20fx | cmnqd4okv02l5wo0wiq5oxilw | cmnr5cl6407shys0pz1pykii8 | cmnsobvxt000q77spq4tb1hx7 | [null]
SKU0396,8,7,1,1,cmlgo8w1z0000zvy5mwo8wc8k | cmnfr2q9u0b93xks32yg0ywqm | cmnqd3kds000jwo0wsq67se2k | cmnqd45qb01auwo0wbxjb20fx | cmnqd4okv02l5wo0wiq5oxilw | cmnr5cl6407shys0pz1pykii8 | cmnsobvxt000q77spq4tb1hx7 | [null]
SKU0397,8,7,1,1,cmlgo8w1z0000zvy5mwo8wc8k | cmnfr2q9u0b93xks32yg0ywqm | cmnqd3kds000jwo0wsq67se2k | cmnqd45qb01auwo0wbxjb20fx | cmnqd4okv02l5wo0wiq5oxilw | cmnr5cl6407shys0pz1pykii8 | cmnsobvxt000q77spq4tb1hx7 | [null]
SKU0398,8,7,1,1,cmlgo8w1z0000zvy5mwo8wc8k | cmnfr2q9u0b93xks32yg0ywqm | cmnqd3kds000jwo0wsq67se2k | cmnqd45qb01auwo0wbxjb20fx | cmnqd4okv02l5wo0wiq5oxilw | cmnr5cl6407shys0pz1pykii8 | cmnsobvxt000q77spq4tb1hx7 | [null]
SKU0399,8,7,1,1,cmlgo8w1z0000zvy5mwo8wc8k | cmnfr2q9u0b93xks32yg0ywqm | cmnqd3kds000jwo0wsq67se2k | cmnqd45qb01auwo0wbxjb20fx | cmnqd4okv02l5wo0wiq5oxilw | cmnr5cl6407shys0pz1pykii8 | cmnsobvxt000q77spq4tb1hx7 | [null]
SKU0400,8,7,1,1,cmlgo8w1z0000zvy5mwo8wc8k | cmnfr2q9u0b93xks32yg0ywqm | cmnqd3kds000jwo0wsq67se2k | cmnqd45qb01auwo0wbxjb20fx | cmnqd4okv02l5wo0wiq5oxilw | cmnr5cl6407shys0pz1pykii8 | cmnsobvxt000q77spq4tb1hx7 | [null]
SKU0401,8,7,1,1,cmlgo8w1z0000zvy5mwo8wc8k | cmnfr2q9u0b93xks32yg0ywqm | cmnqd3kds000jwo0wsq67se2k | cmnqd45qb01auwo0wbxjb20fx | cmnqd4okv02l5wo0wiq5oxilw | cmnr5cl6407shys0pz1pykii8 | cmnsobvxt000q77spq4tb1hx7 | [null]
SKU0001,7,7,1,1,cmlgo8w1z0000zvy5mwo8wc8k | cmnfr2q9u0b93xks32yg0ywqm | cmnqd3kds000jwo0wsq67se2k | cmnqd45qb01auwo0wbxjb20fx | cmnqd4okv02l5wo0wiq5oxilw | cmnr5cl6407shys0pz1pykii8 | cmnsobvxt000q77spq4tb1hx7
SKU0002,7,7,1,1,cmlgo8w1z0000zvy5mwo8wc8k | cmnfr2q9u0b93xks32yg0ywqm | cmnqd3kds000jwo0wsq67se2k | cmnqd45qb01auwo0wbxjb20fx | cmnqd4okv02l5wo0wiq5oxilw | cmnr5cl6407shys0pz1pykii8 | cmnsobvxt000q77spq4tb1hx7
SKU0003,7,7,1,1,cmlgo8w1z0000zvy5mwo8wc8k | cmnfr2q9u0b93xks32yg0ywqm | cmnqd3kds000jwo0wsq67se2k | cmnqd45qb01auwo0wbxjb20fx | cmnqd4okv02l5wo0wiq5oxilw | cmnr5cl6407shys0pz1pykii8 | cmnsobvxt000q77spq4tb1hx7
SKU0004,7,7,1,1,cmlgo8w1z0000zvy5mwo8wc8k | cmnfr2q9u0b93xks32yg0ywqm | cmnqd3kds000jwo0wsq67se2k | cmnqd45qb01auwo0wbxjb20fx | cmnqd4okv02l5wo0wiq5oxilw | cmnr5cl6407shys0pz1pykii8 | cmnsobvxt000q77spq4tb1hx7
SKU0005,7,7,1,1,cmlgo8w1z0000zvy5mwo8wc8k | cmnfr2q9u0b93xks32yg0ywqm | cmnqd3kds000jwo0wsq67se2k | cmnqd45qb01auwo0wbxjb20fx | cmnqd4okv02l5wo0wiq5oxilw | cmnr5cl6407shys0pz1pykii8 | cmnsobvxt000q77spq4tb1hx7
SKU0006,7,7,1,1,cmlgo8w1z0000zvy5mwo8wc8k | cmnfr2q9u0b93xks32yg0ywqm | cmnqd3kds000jwo0wsq67se2k | cmnqd45qb01auwo0wbxjb20fx | cmnqd4okv02l5wo0wiq5oxilw | cmnr5cl6407shys0pz1pykii8 | cmnsobvxt000q77spq4tb1hx7
SKU0007,7,7,1,1,cmlgo8w1z0000zvy5mwo8wc8k | cmnfr2q9u0b93xks32yg0ywqm | cmnqd3kds000jwo0wsq67se2k | cmnqd45qb01auwo0wbxjb20fx | cmnqd4okv02l5wo0wiq5oxilw | cmnr5cl6407shys0pz1pykii8 | cmnsobvxt000q77spq4tb1hx7
SKU0008,7,7,1,1,cmlgo8w1z0000zvy5mwo8wc8k | cmnfr2q9u0b93xks32yg0ywqm | cmnqd3kds000jwo0wsq67se2k | cmnqd45qb01auwo0wbxjb20fx | cmnqd4okv02l5wo0wiq5oxilw | cmnr5cl6407shys0pz1pykii8 | cmnsobvxt000q77spq4tb1hx7
SKU0009,7,7,1,1,cmlgo8w1z0000zvy5mwo8wc8k | cmnfr2q9u0b93xks32yg0ywqm | cmnqd3kds000jwo0wsq67se2k | cmnqd45qb01auwo0wbxjb20fx | cmnqd4okv02l5wo0wiq5oxilw | cmnr5cl6407shys0pz1pykii8 | cmnsobvxt000q77spq4tb1hx7
SKU0010,7,7,1,1,cmlgo8w1z0000zvy5mwo8wc8k | cmnfr2q9u0b93xks32yg0ywqm | cmnqd3kds000jwo0wsq67se2k | cmnqd45qb01auwo0wbxjb20fx | cmnqd4okv02l5wo0wiq5oxilw | cmnr5cl6407shys0pz1pykii8 | cmnsobvxt000q77spq4tb1hx7
SKU0011,7,7,1,1,cmlgo8w1z0000zvy5mwo8wc8k | cmnfr2q9u0b93xks32yg0ywqm | cmnqd3kds000jwo0wsq67se2k | cmnqd45qb01auwo0wbxjb20fx | cmnqd4okv02l5wo0wiq5oxilw | cmnr5cl6407shys0pz1pykii8 | cmnsobvxt000q77spq4tb1hx7
SKU0012,7,7,1,1,cmlgo8w1z0000zvy5mwo8wc8k | cmnfr2q9u0b93xks32yg0ywqm | cmnqd3kds000jwo0wsq67se2k | cmnqd45qb01auwo0wbxjb20fx | cmnqd4okv02l5wo0wiq5oxilw | cmnr5cl6407shys0pz1pykii8 | cmnsobvxt000q77spq4tb1hx7
SKU0013,7,7,1,1,cmlgo8w1z0000zvy5mwo8wc8k | cmnfr2q9u0b93xks32yg0ywqm | cmnqd3kds000jwo0wsq67se2k | cmnqd45qb01auwo0wbxjb20fx | cmnqd4okv02l5wo0wiq5oxilw | cmnr5cl6407shys0pz1pykii8 | cmnsobvxt000q77spq4tb1hx7
SKU0014,7,7,1,1,cmlgo8w1z0000zvy5mwo8wc8k | cmnfr2q9u0b93xks32yg0ywqm | cmnqd3kds000jwo0wsq67se2k | cmnqd45qb01auwo0wbxjb20fx | cmnqd4okv02l5wo0wiq5oxilw | cmnr5cl6407shys0pz1pykii8 | cmnsobvxt000q77spq4tb1hx7
SKU0015,7,7,1,1,cmlgo8w1z0000zvy5mwo8wc8k | cmnfr2q9u0b93xks32yg0ywqm | cmnqd3kds000jwo0wsq67se2k | cmnqd45qb01auwo0wbxjb20fx | cmnqd4okv02l5wo0wiq5oxilw | cmnr5cl6407shys0pz1pykii8 | cmnsobvxt000q77spq4tb1hx7
SKU0016,7,7,1,1,cmlgo8w1z0000zvy5mwo8wc8k | cmnfr2q9u0b93xks32yg0ywqm | cmnqd3kds000jwo0wsq67se2k | cmnqd45qb01auwo0wbxjb20fx | cmnqd4okv02l5wo0wiq5oxilw | cmnr5cl6407shys0pz1pykii8 | cmnsobvxt000q77spq4tb1hx7
SKU0017,7,7,1,1,cmlgo8w1z0000zvy5mwo8wc8k | cmnfr2q9u0b93xks32yg0ywqm | cmnqd3kds000jwo0wsq67se2k | cmnqd45qb01auwo0wbxjb20fx | cmnqd4okv02l5wo0wiq5oxilw | cmnr5cl6407shys0pz1pykii8 | cmnsobvxt000q77spq4tb1hx7
SKU0018,7,7,1,1,cmlgo8w1z0000zvy5mwo8wc8k | cmnfr2q9u0b93xks32yg0ywqm | cmnqd3kds000jwo0wsq67se2k | cmnqd45qb01auwo0wbxjb20fx | cmnqd4okv02l5wo0wiq5oxilw | cmnr5cl6407shys0pz1pykii8 | cmnsobvxt000q77spq4tb1hx7
SKU0019,7,7,1,1,cmlgo8w1z0000zvy5mwo8wc8k | cmnfr2q9u0b93xks32yg0ywqm | cmnqd3kds000jwo0wsq67se2k | cmnqd45qb01auwo0wbxjb20fx | cmnqd4okv02l5wo0wiq5oxilw | cmnr5cl6407shys0pz1pykii8 | cmnsobvxt000q77spq4tb1hx7
SKU0020,7,7,1,1,cmlgo8w1z0000zvy5mwo8wc8k | cmnfr2q9u0b93xks32yg0ywqm | cmnqd3kds000jwo0wsq67se2k | cmnqd45qb01auwo0wbxjb20fx | cmnqd4okv02l5wo0wiq5oxilw | cmnr5cl6407shys0pz1pykii8 | cmnsobvxt000q77spq4tb1hx7
SKU0021,7,7,1,1,cmlgo8w1z0000zvy5mwo8wc8k | cmnfr2q9u0b93xks32yg0ywqm | cmnqd3kds000jwo0wsq67se2k | cmnqd45qb01auwo0wbxjb20fx | cmnqd4okv02l5wo0wiq5oxilw | cmnr5cl6407shys0pz1pykii8 | cmnsobvxt000q77spq4tb1hx7
SKU0022,7,7,1,1,cmlgo8w1z0000zvy5mwo8wc8k | cmnfr2q9u0b93xks32yg0ywqm | cmnqd3kds000jwo0wsq67se2k | cmnqd45qb01auwo0wbxjb20fx | cmnqd4okv02l5wo0wiq5oxilw | cmnr5cl6407shys0pz1pykii8 | cmnsobvxt000q77spq4tb1hx7
SKU0023,7,7,1,1,cmlgo8w1z0000zvy5mwo8wc8k | cmnfr2q9u0b93xks32yg0ywqm | cmnqd3kds000jwo0wsq67se2k | cmnqd45qb01auwo0wbxjb20fx | cmnqd4okv02l5wo0wiq5oxilw | cmnr5cl6407shys0pz1pykii8 | cmnsobvxt000q77spq4tb1hx7
SKU0024,7,7,1,1,cmlgo8w1z0000zvy5mwo8wc8k | cmnfr2q9u0b93xks32yg0ywqm | cmnqd3kds000jwo0wsq67se2k | cmnqd45qb01auwo0wbxjb20fx | cmnqd4okv02l5wo0wiq5oxilw | cmnr5cl6407shys0pz1pykii8 | cmnsobvxt000q77spq4tb1hx7
SKU0025,7,7,1,1,cmlgo8w1z0000zvy5mwo8wc8k | cmnfr2q9u0b93xks32yg0ywqm | cmnqd3kds000jwo0wsq67se2k | cmnqd45qb01auwo0wbxjb20fx | cmnqd4okv02l5wo0wiq5oxilw | cmnr5cl6407shys0pz1pykii8 | cmnsobvxt000q77spq4tb1hx7
SKU0026,7,7,1,1,cmlgo8w1z0000zvy5mwo8wc8k | cmnfr2q9u0b93xks32yg0ywqm | cmnqd3kds000jwo0wsq67se2k | cmnqd45qb01auwo0wbxjb20fx | cmnqd4okv02l5wo0wiq5oxilw | cmnr5cl6407shys0pz1pykii8 | cmnsobvxt000q77spq4tb1hx7
SKU0027,7,7,1,1,cmlgo8w1z0000zvy5mwo8wc8k | cmnfr2q9u0b93xks32yg0ywqm | cmnqd3kds000jwo0wsq67se2k | cmnqd45qb01auwo0wbxjb20fx | cmnqd4okv02l5wo0wiq5oxilw | cmnr5cl6407shys0pz1pykii8 | cmnsobvxt000q77spq4tb1hx7
SKU0028,7,7,1,1,cmlgo8w1z0000zvy5mwo8wc8k | cmnfr2q9u0b93xks32yg0ywqm | cmnqd3kds000jwo0wsq67se2k | cmnqd45qb01auwo0wbxjb20fx | cmnqd4okv02l5wo0wiq5oxilw | cmnr5cl6407shys0pz1pykii8 | cmnsobvxt000q77spq4tb1hx7
SKU0029,7,7,1,1,cmlgo8w1z0000zvy5mwo8wc8k | cmnfr2q9u0b93xks32yg0ywqm | cmnqd3kds000jwo0wsq67se2k | cmnqd45qb01auwo0wbxjb20fx | cmnqd4okv02l5wo0wiq5oxilw | cmnr5cl6407shys0pz1pykii8 | cmnsobvxt000q77spq4tb1hx7
SKU0030,7,7,1,1,cmlgo8w1z0000zvy5mwo8wc8k | cmnfr2q9u0b93xks32yg0ywqm | cmnqd3kds000jwo0wsq67se2k | cmnqd45qb01auwo0wbxjb20fx | cmnqd4okv02l5wo0wiq5oxilw | cmnr5cl6407shys0pz1pykii8 | cmnsobvxt000q77spq4tb1hx7
SKU0031,7,7,1,1,cmlgo8w1z0000zvy5mwo8wc8k | cmnfr2q9u0b93xks32yg0ywqm | cmnqd3kds000jwo0wsq67se2k | cmnqd45qb01auwo0wbxjb20fx | cmnqd4okv02l5wo0wiq5oxilw | cmnr5cl6407shys0pz1pykii8 | cmnsobvxt000q77spq4tb1hx7
SKU0032,7,7,1,1,cmlgo8w1z0000zvy5mwo8wc8k | cmnfr2q9u0b93xks32yg0ywqm | cmnqd3kds000jwo0wsq67se2k | cmnqd45qb01auwo0wbxjb20fx | cmnqd4okv02l5wo0wiq5oxilw | cmnr5cl6407shys0pz1pykii8 | cmnsobvxt000q77spq4tb1hx7
SKU0033,7,7,1,1,cmlgo8w1z0000zvy5mwo8wc8k | cmnfr2q9u0b93xks32yg0ywqm | cmnqd3kds000jwo0wsq67se2k | cmnqd45qb01auwo0wbxjb20fx | cmnqd4okv02l5wo0wiq5oxilw | cmnr5cl6407shys0pz1pykii8 | cmnsobvxt000q77spq4tb1hx7
SKU0034,7,7,1,1,cmlgo8w1z0000zvy5mwo8wc8k | cmnfr2q9u0b93xks32yg0ywqm | cmnqd3kds000jwo0wsq67se2k | cmnqd45qb01auwo0wbxjb20fx | cmnqd4okv02l5wo0wiq5oxilw | cmnr5cl6407shys0pz1pykii8 | cmnsobvxt000q77spq4tb1hx7
SKU0035,7,7,1,1,cmlgo8w1z0000zvy5mwo8wc8k | cmnfr2q9u0b93xks32yg0ywqm | cmnqd3kds000jwo0wsq67se2k | cmnqd45qb01auwo0wbxjb20fx | cmnqd4okv02l5wo0wiq5oxilw | cmnr5cl6407shys0pz1pykii8 | cmnsobvxt000q77spq4tb1hx7
SKU0036,7,7,1,1,cmlgo8w1z0000zvy5mwo8wc8k | cmnfr2q9u0b93xks32yg0ywqm | cmnqd3kds000jwo0wsq67se2k | cmnqd45qb01auwo0wbxjb20fx | cmnqd4okv02l5wo0wiq5oxilw | cmnr5cl6407shys0pz1pykii8 | cmnsobvxt000q77spq4tb1hx7
SKU0037,7,7,1,1,cmlgo8w1z0000zvy5mwo8wc8k | cmnfr2q9u0b93xks32yg0ywqm | cmnqd3kds000jwo0wsq67se2k | cmnqd45qb01auwo0wbxjb20fx | cmnqd4okv02l5wo0wiq5oxilw | cmnr5cl6407shys0pz1pykii8 | cmnsobvxt000q77spq4tb1hx7
SKU0038,7,7,1,1,cmlgo8w1z0000zvy5mwo8wc8k | cmnfr2q9u0b93xks32yg0ywqm | cmnqd3kds000jwo0wsq67se2k | cmnqd45qb01auwo0wbxjb20fx | cmnqd4okv02l5wo0wiq5oxilw | cmnr5cl6407shys0pz1pykii8 | cmnsobvxt000q77spq4tb1hx7
SKU0039,7,7,1,1,cmlgo8w1z0000zvy5mwo8wc8k | cmnfr2q9u0b93xks32yg0ywqm | cmnqd3kds000jwo0wsq67se2k | cmnqd45qb01auwo0wbxjb20fx | cmnqd4okv02l5wo0wiq5oxilw | cmnr5cl6407shys0pz1pykii8 | cmnsobvxt000q77spq4tb1hx7
SKU0040,7,7,1,1,cmlgo8w1z0000zvy5mwo8wc8k | cmnfr2q9u0b93xks32yg0ywqm | cmnqd3kds000jwo0wsq67se2k | cmnqd45qb01auwo0wbxjb20fx | cmnqd4okv02l5wo0wiq5oxilw | cmnr5cl6407shys0pz1pykii8 | cmnsobvxt000q77spq4tb1hx7
SKU0041,7,7,1,1,cmlgo8w1z0000zvy5mwo8wc8k | cmnfr2q9u0b93xks32yg0ywqm | cmnqd3kds000jwo0wsq67se2k | cmnqd45qb01auwo0wbxjb20fx | cmnqd4okv02l5wo0wiq5oxilw | cmnr5cl6407shys0pz1pykii8 | cmnsobvxt000q77spq4tb1hx7
SKU0042,7,7,1,1,cmlgo8w1z0000zvy5mwo8wc8k | cmnfr2q9u0b93xks32yg0ywqm | cmnqd3kds000jwo0wsq67se2k | cmnqd45qb01auwo0wbxjb20fx | cmnqd4okv02l5wo0wiq5oxilw | cmnr5cl6407shys0pz1pykii8 | cmnsobvxt000q77spq4tb1hx7
SKU0043,7,7,1,1,cmlgo8w1z0000zvy5mwo8wc8k | cmnfr2q9u0b93xks32yg0ywqm | cmnqd3kds000jwo0wsq67se2k | cmnqd45qb01auwo0wbxjb20fx | cmnqd4okv02l5wo0wiq5oxilw | cmnr5cl6407shys0pz1pykii8 | cmnsobvxt000q77spq4tb1hx7
SKU0044,7,7,1,1,cmlgo8w1z0000zvy5mwo8wc8k | cmnfr2q9u0b93xks32yg0ywqm | cmnqd3kds000jwo0wsq67se2k | cmnqd45qb01auwo0wbxjb20fx | cmnqd4okv02l5wo0wiq5oxilw | cmnr5cl6407shys0pz1pykii8 | cmnsobvxt000q77spq4tb1hx7
SKU0045,7,7,1,1,cmlgo8w1z0000zvy5mwo8wc8k | cmnfr2q9u0b93xks32yg0ywqm | cmnqd3kds000jwo0wsq67se2k | cmnqd45qb01auwo0wbxjb20fx | cmnqd4okv02l5wo0wiq5oxilw | cmnr5cl6407shys0pz1pykii8 | cmnsobvxt000q77spq4tb1hx7
SKU0046,7,7,1,1,cmlgo8w1z0000zvy5mwo8wc8k | cmnfr2q9u0b93xks32yg0ywqm | cmnqd3kds000jwo0wsq67se2k | cmnqd45qb01auwo0wbxjb20fx | cmnqd4okv02l5wo0wiq5oxilw | cmnr5cl6407shys0pz1pykii8 | cmnsobvxt000q77spq4tb1hx7
SKU0047,7,7,1,1,cmlgo8w1z0000zvy5mwo8wc8k | cmnfr2q9u0b93xks32yg0ywqm | cmnqd3kds000jwo0wsq67se2k | cmnqd45qb01auwo0wbxjb20fx | cmnqd4okv02l5wo0wiq5oxilw | cmnr5cl6407shys0pz1pykii8 | cmnsobvxt000q77spq4tb1hx7
SKU0048,7,7,1,1,cmlgo8w1z0000zvy5mwo8wc8k | cmnfr2q9u0b93xks32yg0ywqm | cmnqd3kds000jwo0wsq67se2k | cmnqd45qb01auwo0wbxjb20fx | cmnqd4okv02l5wo0wiq5oxilw | cmnr5cl6407shys0pz1pykii8 | cmnsobvxt000q77spq4tb1hx7
SKU0049,7,7,1,1,cmlgo8w1z0000zvy5mwo8wc8k | cmnfr2q9u0b93xks32yg0ywqm | cmnqd3kds000jwo0wsq67se2k | cmnqd45qb01auwo0wbxjb20fx | cmnqd4okv02l5wo0wiq5oxilw | cmnr5cl6407shys0pz1pykii8 | cmnsobvxt000q77spq4tb1hx7
SKU0050,7,7,1,1,cmlgo8w1z0000zvy5mwo8wc8k | cmnfr2q9u0b93xks32yg0ywqm | cmnqd3kds000jwo0wsq67se2k | cmnqd45qb01auwo0wbxjb20fx | cmnqd4okv02l5wo0wiq5oxilw | cmnr5cl6407shys0pz1pykii8 | cmnsobvxt000q77spq4tb1hx7
SKU0051,7,7,1,1,cmlgo8w1z0000zvy5mwo8wc8k | cmnfr2q9u0b93xks32yg0ywqm | cmnqd3kds000jwo0wsq67se2k | cmnqd45qb01auwo0wbxjb20fx | cmnqd4okv02l5wo0wiq5oxilw | cmnr5cl6407shys0pz1pykii8 | cmnsobvxt000q77spq4tb1hx7
SKU0052,7,7,1,1,cmlgo8w1z0000zvy5mwo8wc8k | cmnfr2q9u0b93xks32yg0ywqm | cmnqd3kds000jwo0wsq67se2k | cmnqd45qb01auwo0wbxjb20fx | cmnqd4okv02l5wo0wiq5oxilw | cmnr5cl6407shys0pz1pykii8 | cmnsobvxt000q77spq4tb1hx7
SKU0053,7,7,1,1,cmlgo8w1z0000zvy5mwo8wc8k | cmnfr2q9u0b93xks32yg0ywqm | cmnqd3kds000jwo0wsq67se2k | cmnqd45qb01auwo0wbxjb20fx | cmnqd4okv02l5wo0wiq5oxilw | cmnr5cl6407shys0pz1pykii8 | cmnsobvxt000q77spq4tb1hx7
SKU0054,7,7,1,1,cmlgo8w1z0000zvy5mwo8wc8k | cmnfr2q9u0b93xks32yg0ywqm | cmnqd3kds000jwo0wsq67se2k | cmnqd45qb01auwo0wbxjb20fx | cmnqd4okv02l5wo0wiq5oxilw | cmnr5cl6407shys0pz1pykii8 | cmnsobvxt000q77spq4tb1hx7
SKU0055,7,7,1,1,cmlgo8w1z0000zvy5mwo8wc8k | cmnfr2q9u0b93xks32yg0ywqm | cmnqd3kds000jwo0wsq67se2k | cmnqd45qb01auwo0wbxjb20fx | cmnqd4okv02l5wo0wiq5oxilw | cmnr5cl6407shys0pz1pykii8 | cmnsobvxt000q77spq4tb1hx7
SKU0056,7,7,1,1,cmlgo8w1z0000zvy5mwo8wc8k | cmnfr2q9u0b93xks32yg0ywqm | cmnqd3kds000jwo0wsq67se2k | cmnqd45qb01auwo0wbxjb20fx | cmnqd4okv02l5wo0wiq5oxilw | cmnr5cl6407shys0pz1pykii8 | cmnsobvxt000q77spq4tb1hx7
SKU0057,7,7,1,1,cmlgo8w1z0000zvy5mwo8wc8k | cmnfr2q9u0b93xks32yg0ywqm | cmnqd3kds000jwo0wsq67se2k | cmnqd45qb01auwo0wbxjb20fx | cmnqd4okv02l5wo0wiq5oxilw | cmnr5cl6407shys0pz1pykii8 | cmnsobvxt000q77spq4tb1hx7
SKU0058,7,7,1,1,cmlgo8w1z0000zvy5mwo8wc8k | cmnfr2q9u0b93xks32yg0ywqm | cmnqd3kds000jwo0wsq67se2k | cmnqd45qb01auwo0wbxjb20fx | cmnqd4okv02l5wo0wiq5oxilw | cmnr5cl6407shys0pz1pykii8 | cmnsobvxt000q77spq4tb1hx7
SKU0059,7,7,1,1,cmlgo8w1z0000zvy5mwo8wc8k | cmnfr2q9u0b93xks32yg0ywqm | cmnqd3kds000jwo0wsq67se2k | cmnqd45qb01auwo0wbxjb20fx | cmnqd4okv02l5wo0wiq5oxilw | cmnr5cl6407shys0pz1pykii8 | cmnsobvxt000q77spq4tb1hx7
SKU0060,7,7,1,1,cmlgo8w1z0000zvy5mwo8wc8k | cmnfr2q9u0b93xks32yg0ywqm | cmnqd3kds000jwo0wsq67se2k | cmnqd45qb01auwo0wbxjb20fx | cmnqd4okv02l5wo0wiq5oxilw | cmnr5cl6407shys0pz1pykii8 | cmnsobvxt000q77spq4tb1hx7
SKU0061,7,7,1,1,cmlgo8w1z0000zvy5mwo8wc8k | cmnfr2q9u0b93xks32yg0ywqm | cmnqd3kds000jwo0wsq67se2k | cmnqd45qb01auwo0wbxjb20fx | cmnqd4okv02l5wo0wiq5oxilw | cmnr5cl6407shys0pz1pykii8 | cmnsobvxt000q77spq4tb1hx7
SKU0062,7,7,1,1,cmlgo8w1z0000zvy5mwo8wc8k | cmnfr2q9u0b93xks32yg0ywqm | cmnqd3kds000jwo0wsq67se2k | cmnqd45qb01auwo0wbxjb20fx | cmnqd4okv02l5wo0wiq5oxilw | cmnr5cl6407shys0pz1pykii8 | cmnsobvxt000q77spq4tb1hx7
SKU0063,7,7,1,1,cmlgo8w1z0000zvy5mwo8wc8k | cmnfr2q9u0b93xks32yg0ywqm | cmnqd3kds000jwo0wsq67se2k | cmnqd45qb01auwo0wbxjb20fx | cmnqd4okv02l5wo0wiq5oxilw | cmnr5cl6407shys0pz1pykii8 | cmnsobvxt000q77spq4tb1hx7
SKU0064,7,7,1,1,cmlgo8w1z0000zvy5mwo8wc8k | cmnfr2q9u0b93xks32yg0ywqm | cmnqd3kds000jwo0wsq67se2k | cmnqd45qb01auwo0wbxjb20fx | cmnqd4okv02l5wo0wiq5oxilw | cmnr5cl6407shys0pz1pykii8 | cmnsobvxt000q77spq4tb1hx7
SKU0065,7,7,1,1,cmlgo8w1z0000zvy5mwo8wc8k | cmnfr2q9u0b93xks32yg0ywqm | cmnqd3kds000jwo0wsq67se2k | cmnqd45qb01auwo0wbxjb20fx | cmnqd4okv02l5wo0wiq5oxilw | cmnr5cl6407shys0pz1pykii8 | cmnsobvxt000q77spq4tb1hx7
SKU0066,7,7,1,1,cmlgo8w1z0000zvy5mwo8wc8k | cmnfr2q9u0b93xks32yg0ywqm | cmnqd3kds000jwo0wsq67se2k | cmnqd45qb01auwo0wbxjb20fx | cmnqd4okv02l5wo0wiq5oxilw | cmnr5cl6407shys0pz1pykii8 | cmnsobvxt000q77spq4tb1hx7
SKU0067,7,7,1,1,cmlgo8w1z0000zvy5mwo8wc8k | cmnfr2q9u0b93xks32yg0ywqm | cmnqd3kds000jwo0wsq67se2k | cmnqd45qb01auwo0wbxjb20fx | cmnqd4okv02l5wo0wiq5oxilw | cmnr5cl6407shys0pz1pykii8 | cmnsobvxt000q77spq4tb1hx7
SKU0068,7,7,1,1,cmlgo8w1z0000zvy5mwo8wc8k | cmnfr2q9u0b93xks32yg0ywqm | cmnqd3kds000jwo0wsq67se2k | cmnqd45qb01auwo0wbxjb20fx | cmnqd4okv02l5wo0wiq5oxilw | cmnr5cl6407shys0pz1pykii8 | cmnsobvxt000q77spq4tb1hx7
SKU0069,7,7,1,1,cmlgo8w1z0000zvy5mwo8wc8k | cmnfr2q9u0b93xks32yg0ywqm | cmnqd3kds000jwo0wsq67se2k | cmnqd45qb01auwo0wbxjb20fx | cmnqd4okv02l5wo0wiq5oxilw | cmnr5cl6407shys0pz1pykii8 | cmnsobvxt000q77spq4tb1hx7
SKU0070,7,7,1,1,cmlgo8w1z0000zvy5mwo8wc8k | cmnfr2q9u0b93xks32yg0ywqm | cmnqd3kds000jwo0wsq67se2k | cmnqd45qb01auwo0wbxjb20fx | cmnqd4okv02l5wo0wiq5oxilw | cmnr5cl6407shys0pz1pykii8 | cmnsobvxt000q77spq4tb1hx7
SKU0071,7,7,1,1,cmlgo8w1z0000zvy5mwo8wc8k | cmnfr2q9u0b93xks32yg0ywqm | cmnqd3kds000jwo0wsq67se2k | cmnqd45qb01auwo0wbxjb20fx | cmnqd4okv02l5wo0wiq5oxilw | cmnr5cl6407shys0pz1pykii8 | cmnsobvxt000q77spq4tb1hx7
SKU0072,7,7,1,1,cmlgo8w1z0000zvy5mwo8wc8k | cmnfr2q9u0b93xks32yg0ywqm | cmnqd3kds000jwo0wsq67se2k | cmnqd45qb01auwo0wbxjb20fx | cmnqd4okv02l5wo0wiq5oxilw | cmnr5cl6407shys0pz1pykii8 | cmnsobvxt000q77spq4tb1hx7
SKU0073,7,7,1,1,cmlgo8w1z0000zvy5mwo8wc8k | cmnfr2q9u0b93xks32yg0ywqm | cmnqd3kds000jwo0wsq67se2k | cmnqd45qb01auwo0wbxjb20fx | cmnqd4okv02l5wo0wiq5oxilw | cmnr5cl6407shys0pz1pykii8 | cmnsobvxt000q77spq4tb1hx7
SKU0074,7,7,1,1,cmlgo8w1z0000zvy5mwo8wc8k | cmnfr2q9u0b93xks32yg0ywqm | cmnqd3kds000jwo0wsq67se2k | cmnqd45qb01auwo0wbxjb20fx | cmnqd4okv02l5wo0wiq5oxilw | cmnr5cl6407shys0pz1pykii8 | cmnsobvxt000q77spq4tb1hx7
SKU0075,7,7,1,1,cmlgo8w1z0000zvy5mwo8wc8k | cmnfr2q9u0b93xks32yg0ywqm | cmnqd3kds000jwo0wsq67se2k | cmnqd45qb01auwo0wbxjb20fx | cmnqd4okv02l5wo0wiq5oxilw | cmnr5cl6407shys0pz1pykii8 | cmnsobvxt000q77spq4tb1hx7
SKU0076,7,7,1,1,cmlgo8w1z0000zvy5mwo8wc8k | cmnfr2q9u0b93xks32yg0ywqm | cmnqd3kds000jwo0wsq67se2k | cmnqd45qb01auwo0wbxjb20fx | cmnqd4okv02l5wo0wiq5oxilw | cmnr5cl6407shys0pz1pykii8 | cmnsobvxt000q77spq4tb1hx7
SKU0077,7,7,1,1,cmlgo8w1z0000zvy5mwo8wc8k | cmnfr2q9u0b93xks32yg0ywqm | cmnqd3kds000jwo0wsq67se2k | cmnqd45qb01auwo0wbxjb20fx | cmnqd4okv02l5wo0wiq5oxilw | cmnr5cl6407shys0pz1pykii8 | cmnsobvxt000q77spq4tb1hx7
SKU0078,7,7,1,1,cmlgo8w1z0000zvy5mwo8wc8k | cmnfr2q9u0b93xks32yg0ywqm | cmnqd3kds000jwo0wsq67se2k | cmnqd45qb01auwo0wbxjb20fx | cmnqd4okv02l5wo0wiq5oxilw | cmnr5cl6407shys0pz1pykii8 | cmnsobvxt000q77spq4tb1hx7
SKU0079,7,7,1,1,cmlgo8w1z0000zvy5mwo8wc8k | cmnfr2q9u0b93xks32yg0ywqm | cmnqd3kds000jwo0wsq67se2k | cmnqd45qb01auwo0wbxjb20fx | cmnqd4okv02l5wo0wiq5oxilw | cmnr5cl6407shys0pz1pykii8 | cmnsobvxt000q77spq4tb1hx7
SKU0080,7,7,1,1,cmlgo8w1z0000zvy5mwo8wc8k | cmnfr2q9u0b93xks32yg0ywqm | cmnqd3kds000jwo0wsq67se2k | cmnqd45qb01auwo0wbxjb20fx | cmnqd4okv02l5wo0wiq5oxilw | cmnr5cl6407shys0pz1pykii8 | cmnsobvxt000q77spq4tb1hx7
SKU0081,7,7,1,1,cmlgo8w1z0000zvy5mwo8wc8k | cmnfr2q9u0b93xks32yg0ywqm | cmnqd3kds000jwo0wsq67se2k | cmnqd45qb01auwo0wbxjb20fx | cmnqd4okv02l5wo0wiq5oxilw | cmnr5cl6407shys0pz1pykii8 | cmnsobvxt000q77spq4tb1hx7
SKU0082,7,7,1,1,cmlgo8w1z0000zvy5mwo8wc8k | cmnfr2q9u0b93xks32yg0ywqm | cmnqd3kds000jwo0wsq67se2k | cmnqd45qb01auwo0wbxjb20fx | cmnqd4okv02l5wo0wiq5oxilw | cmnr5cl6407shys0pz1pykii8 | cmnsobvxt000q77spq4tb1hx7
SKU0083,7,7,1,1,cmlgo8w1z0000zvy5mwo8wc8k | cmnfr2q9u0b93xks32yg0ywqm | cmnqd3kds000jwo0wsq67se2k | cmnqd45qb01auwo0wbxjb20fx | cmnqd4okv02l5wo0wiq5oxilw | cmnr5cl6407shys0pz1pykii8 | cmnsobvxt000q77spq4tb1hx7
SKU0084,7,7,1,1,cmlgo8w1z0000zvy5mwo8wc8k | cmnfr2q9u0b93xks32yg0ywqm | cmnqd3kds000jwo0wsq67se2k | cmnqd45qb01auwo0wbxjb20fx | cmnqd4okv02l5wo0wiq5oxilw | cmnr5cl6407shys0pz1pykii8 | cmnsobvxt000q77spq4tb1hx7
SKU0085,7,7,1,1,cmlgo8w1z0000zvy5mwo8wc8k | cmnfr2q9u0b93xks32yg0ywqm | cmnqd3kds000jwo0wsq67se2k | cmnqd45qb01auwo0wbxjb20fx | cmnqd4okv02l5wo0wiq5oxilw | cmnr5cl6407shys0pz1pykii8 | cmnsobvxt000q77spq4tb1hx7
SKU0086,7,7,1,1,cmlgo8w1z0000zvy5mwo8wc8k | cmnfr2q9u0b93xks32yg0ywqm | cmnqd3kds000jwo0wsq67se2k | cmnqd45qb01auwo0wbxjb20fx | cmnqd4okv02l5wo0wiq5oxilw | cmnr5cl6407shys0pz1pykii8 | cmnsobvxt000q77spq4tb1hx7
SKU0087,7,7,1,1,cmlgo8w1z0000zvy5mwo8wc8k | cmnfr2q9u0b93xks32yg0ywqm | cmnqd3kds000jwo0wsq67se2k | cmnqd45qb01auwo0wbxjb20fx | cmnqd4okv02l5wo0wiq5oxilw | cmnr5cl6407shys0pz1pykii8 | cmnsobvxt000q77spq4tb1hx7
SKU0088,7,7,1,1,cmlgo8w1z0000zvy5mwo8wc8k | cmnfr2q9u0b93xks32yg0ywqm | cmnqd3kds000jwo0wsq67se2k | cmnqd45qb01auwo0wbxjb20fx | cmnqd4okv02l5wo0wiq5oxilw | cmnr5cl6407shys0pz1pykii8 | cmnsobvxt000q77spq4tb1hx7
SKU0089,7,7,1,1,cmlgo8w1z0000zvy5mwo8wc8k | cmnfr2q9u0b93xks32yg0ywqm | cmnqd3kds000jwo0wsq67se2k | cmnqd45qb01auwo0wbxjb20fx | cmnqd4okv02l5wo0wiq5oxilw | cmnr5cl6407shys0pz1pykii8 | cmnsobvxt000q77spq4tb1hx7
SKU0090,7,7,1,1,cmlgo8w1z0000zvy5mwo8wc8k | cmnfr2q9u0b93xks32yg0ywqm | cmnqd3kds000jwo0wsq67se2k | cmnqd45qb01auwo0wbxjb20fx | cmnqd4okv02l5wo0wiq5oxilw | cmnr5cl6407shys0pz1pykii8 | cmnsobvxt000q77spq4tb1hx7
SKU0091,7,7,1,1,cmlgo8w1z0000zvy5mwo8wc8k | cmnfr2q9u0b93xks32yg0ywqm | cmnqd3kds000jwo0wsq67se2k | cmnqd45qb01auwo0wbxjb20fx | cmnqd4okv02l5wo0wiq5oxilw | cmnr5cl6407shys0pz1pykii8 | cmnsobvxt000q77spq4tb1hx7
SKU0092,7,7,1,1,cmlgo8w1z0000zvy5mwo8wc8k | cmnfr2q9u0b93xks32yg0ywqm | cmnqd3kds000jwo0wsq67se2k | cmnqd45qb01auwo0wbxjb20fx | cmnqd4okv02l5wo0wiq5oxilw | cmnr5cl6407shys0pz1pykii8 | cmnsobvxt000q77spq4tb1hx7
SKU0093,7,7,1,1,cmlgo8w1z0000zvy5mwo8wc8k | cmnfr2q9u0b93xks32yg0ywqm | cmnqd3kds000jwo0wsq67se2k | cmnqd45qb01auwo0wbxjb20fx | cmnqd4okv02l5wo0wiq5oxilw | cmnr5cl6407shys0pz1pykii8 | cmnsobvxt000q77spq4tb1hx7
SKU0094,7,7,1,1,cmlgo8w1z0000zvy5mwo8wc8k | cmnfr2q9u0b93xks32yg0ywqm | cmnqd3kds000jwo0wsq67se2k | cmnqd45qb01auwo0wbxjb20fx | cmnqd4okv02l5wo0wiq5oxilw | cmnr5cl6407shys0pz1pykii8 | cmnsobvxt000q77spq4tb1hx7
SKU0095,7,7,1,1,cmlgo8w1z0000zvy5mwo8wc8k | cmnfr2q9u0b93xks32yg0ywqm | cmnqd3kds000jwo0wsq67se2k | cmnqd45qb01auwo0wbxjb20fx | cmnqd4okv02l5wo0wiq5oxilw | cmnr5cl6407shys0pz1pykii8 | cmnsobvxt000q77spq4tb1hx7
SKU0096,7,7,1,1,cmlgo8w1z0000zvy5mwo8wc8k | cmnfr2q9u0b93xks32yg0ywqm | cmnqd3kds000jwo0wsq67se2k | cmnqd45qb01auwo0wbxjb20fx | cmnqd4okv02l5wo0wiq5oxilw | cmnr5cl6407shys0pz1pykii8 | cmnsobvxt000q77spq4tb1hx7
SKU0097,7,7,1,1,cmlgo8w1z0000zvy5mwo8wc8k | cmnfr2q9u0b93xks32yg0ywqm | cmnqd3kds000jwo0wsq67se2k | cmnqd45qb01auwo0wbxjb20fx | cmnqd4okv02l5wo0wiq5oxilw | cmnr5cl6407shys0pz1pykii8 | cmnsobvxt000q77spq4tb1hx7
SKU0098,7,7,1,1,cmlgo8w1z0000zvy5mwo8wc8k | cmnfr2q9u0b93xks32yg0ywqm | cmnqd3kds000jwo0wsq67se2k | cmnqd45qb01auwo0wbxjb20fx | cmnqd4okv02l5wo0wiq5oxilw | cmnr5cl6407shys0pz1pykii8 | cmnsobvxt000q77spq4tb1hx7
SKU0099,7,7,1,1,cmlgo8w1z0000zvy5mwo8wc8k | cmnfr2q9u0b93xks32yg0ywqm | cmnqd3kds000jwo0wsq67se2k | cmnqd45qb01auwo0wbxjb20fx | cmnqd4okv02l5wo0wiq5oxilw | cmnr5cl6407shys0pz1pykii8 | cmnsobvxt000q77spq4tb1hx7
SKU0100,7,7,1,1,cmlgo8w1z0000zvy5mwo8wc8k | cmnfr2q9u0b93xks32yg0ywqm | cmnqd3kds000jwo0wsq67se2k | cmnqd45qb01auwo0wbxjb20fx | cmnqd4okv02l5wo0wiq5oxilw | cmnr5cl6407shys0pz1pykii8 | cmnsobvxt000q77spq4tb1hx7
SKU0101,7,7,1,1,cmlgo8w1z0000zvy5mwo8wc8k | cmnfr2q9u0b93xks32yg0ywqm | cmnqd3kds000jwo0wsq67se2k | cmnqd45qb01auwo0wbxjb20fx | cmnqd4okv02l5wo0wiq5oxilw | cmnr5cl6407shys0pz1pykii8 | cmnsobvxt000q77spq4tb1hx7
SKU0102,7,7,1,1,cmlgo8w1z0000zvy5mwo8wc8k | cmnfr2q9u0b93xks32yg0ywqm | cmnqd3kds000jwo0wsq67se2k | cmnqd45qb01auwo0wbxjb20fx | cmnqd4okv02l5wo0wiq5oxilw | cmnr5cl6407shys0pz1pykii8 | cmnsobvxt000q77spq4tb1hx7
SKU0103,7,7,1,1,cmlgo8w1z0000zvy5mwo8wc8k | cmnfr2q9u0b93xks32yg0ywqm | cmnqd3kds000jwo0wsq67se2k | cmnqd45qb01auwo0wbxjb20fx | cmnqd4okv02l5wo0wiq5oxilw | cmnr5cl6407shys0pz1pykii8 | cmnsobvxt000q77spq4tb1hx7
SKU0104,7,7,1,1,cmlgo8w1z0000zvy5mwo8wc8k | cmnfr2q9u0b93xks32yg0ywqm | cmnqd3kds000jwo0wsq67se2k | cmnqd45qb01auwo0wbxjb20fx | cmnqd4okv02l5wo0wiq5oxilw | cmnr5cl6407shys0pz1pykii8 | cmnsobvxt000q77spq4tb1hx7
SKU0105,7,7,1,1,cmlgo8w1z0000zvy5mwo8wc8k | cmnfr2q9u0b93xks32yg0ywqm | cmnqd3kds000jwo0wsq67se2k | cmnqd45qb01auwo0wbxjb20fx | cmnqd4okv02l5wo0wiq5oxilw | cmnr5cl6407shys0pz1pykii8 | cmnsobvxt000q77spq4tb1hx7
SKU0106,7,7,1,1,cmlgo8w1z0000zvy5mwo8wc8k | cmnfr2q9u0b93xks32yg0ywqm | cmnqd3kds000jwo0wsq67se2k | cmnqd45qb01auwo0wbxjb20fx | cmnqd4okv02l5wo0wiq5oxilw | cmnr5cl6407shys0pz1pykii8 | cmnsobvxt000q77spq4tb1hx7
SKU0107,7,7,1,1,cmlgo8w1z0000zvy5mwo8wc8k | cmnfr2q9u0b93xks32yg0ywqm | cmnqd3kds000jwo0wsq67se2k | cmnqd45qb01auwo0wbxjb20fx | cmnqd4okv02l5wo0wiq5oxilw | cmnr5cl6407shys0pz1pykii8 | cmnsobvxt000q77spq4tb1hx7
SKU0108,7,7,1,1,cmlgo8w1z0000zvy5mwo8wc8k | cmnfr2q9u0b93xks32yg0ywqm | cmnqd3kds000jwo0wsq67se2k | cmnqd45qb01auwo0wbxjb20fx | cmnqd4okv02l5wo0wiq5oxilw | cmnr5cl6407shys0pz1pykii8 | cmnsobvxt000q77spq4tb1hx7
SKU0109,7,7,1,1,cmlgo8w1z0000zvy5mwo8wc8k | cmnfr2q9u0b93xks32yg0ywqm | cmnqd3kds000jwo0wsq67se2k | cmnqd45qb01auwo0wbxjb20fx | cmnqd4okv02l5wo0wiq5oxilw | cmnr5cl6407shys0pz1pykii8 | cmnsobvxt000q77spq4tb1hx7
SKU0110,7,7,1,1,cmlgo8w1z0000zvy5mwo8wc8k | cmnfr2q9u0b93xks32yg0ywqm | cmnqd3kds000jwo0wsq67se2k | cmnqd45qb01auwo0wbxjb20fx | cmnqd4okv02l5wo0wiq5oxilw | cmnr5cl6407shys0pz1pykii8 | cmnsobvxt000q77spq4tb1hx7
SKU0111,7,7,1,1,cmlgo8w1z0000zvy5mwo8wc8k | cmnfr2q9u0b93xks32yg0ywqm | cmnqd3kds000jwo0wsq67se2k | cmnqd45qb01auwo0wbxjb20fx | cmnqd4okv02l5wo0wiq5oxilw | cmnr5cl6407shys0pz1pykii8 | cmnsobvxt000q77spq4tb1hx7
SKU0112,7,7,1,1,cmlgo8w1z0000zvy5mwo8wc8k | cmnfr2q9u0b93xks32yg0ywqm | cmnqd3kds000jwo0wsq67se2k | cmnqd45qb01auwo0wbxjb20fx | cmnqd4okv02l5wo0wiq5oxilw | cmnr5cl6407shys0pz1pykii8 | cmnsobvxt000q77spq4tb1hx7
SKU0113,7,7,1,1,cmlgo8w1z0000zvy5mwo8wc8k | cmnfr2q9u0b93xks32yg0ywqm | cmnqd3kds000jwo0wsq67se2k | cmnqd45qb01auwo0wbxjb20fx | cmnqd4okv02l5wo0wiq5oxilw | cmnr5cl6407shys0pz1pykii8 | cmnsobvxt000q77spq4tb1hx7
SKU0114,7,7,1,1,cmlgo8w1z0000zvy5mwo8wc8k | cmnfr2q9u0b93xks32yg0ywqm | cmnqd3kds000jwo0wsq67se2k | cmnqd45qb01auwo0wbxjb20fx | cmnqd4okv02l5wo0wiq5oxilw | cmnr5cl6407shys0pz1pykii8 | cmnsobvxt000q77spq4tb1hx7
SKU0115,7,7,1,1,cmlgo8w1z0000zvy5mwo8wc8k | cmnfr2q9u0b93xks32yg0ywqm | cmnqd3kds000jwo0wsq67se2k | cmnqd45qb01auwo0wbxjb20fx | cmnqd4okv02l5wo0wiq5oxilw | cmnr5cl6407shys0pz1pykii8 | cmnsobvxt000q77spq4tb1hx7
SKU0116,7,7,1,1,cmlgo8w1z0000zvy5mwo8wc8k | cmnfr2q9u0b93xks32yg0ywqm | cmnqd3kds000jwo0wsq67se2k | cmnqd45qb01auwo0wbxjb20fx | cmnqd4okv02l5wo0wiq5oxilw | cmnr5cl6407shys0pz1pykii8 | cmnsobvxt000q77spq4tb1hx7
SKU0117,7,7,1,1,cmlgo8w1z0000zvy5mwo8wc8k | cmnfr2q9u0b93xks32yg0ywqm | cmnqd3kds000jwo0wsq67se2k | cmnqd45qb01auwo0wbxjb20fx | cmnqd4okv02l5wo0wiq5oxilw | cmnr5cl6407shys0pz1pykii8 | cmnsobvxt000q77spq4tb1hx7
SKU0118,7,7,1,1,cmlgo8w1z0000zvy5mwo8wc8k | cmnfr2q9u0b93xks32yg0ywqm | cmnqd3kds000jwo0wsq67se2k | cmnqd45qb01auwo0wbxjb20fx | cmnqd4okv02l5wo0wiq5oxilw | cmnr5cl6407shys0pz1pykii8 | cmnsobvxt000q77spq4tb1hx7
SKU0119,7,7,1,1,cmlgo8w1z0000zvy5mwo8wc8k | cmnfr2q9u0b93xks32yg0ywqm | cmnqd3kds000jwo0wsq67se2k | cmnqd45qb01auwo0wbxjb20fx | cmnqd4okv02l5wo0wiq5oxilw | cmnr5cl6407shys0pz1pykii8 | cmnsobvxt000q77spq4tb1hx7
SKU0120,7,7,1,1,cmlgo8w1z0000zvy5mwo8wc8k | cmnfr2q9u0b93xks32yg0ywqm | cmnqd3kds000jwo0wsq67se2k | cmnqd45qb01auwo0wbxjb20fx | cmnqd4okv02l5wo0wiq5oxilw | cmnr5cl6407shys0pz1pykii8 | cmnsobvxt000q77spq4tb1hx7
SKU0121,7,7,1,1,cmlgo8w1z0000zvy5mwo8wc8k | cmnfr2q9u0b93xks32yg0ywqm | cmnqd3kds000jwo0wsq67se2k | cmnqd45qb01auwo0wbxjb20fx | cmnqd4okv02l5wo0wiq5oxilw | cmnr5cl6407shys0pz1pykii8 | cmnsobvxt000q77spq4tb1hx7
SKU0122,7,7,1,1,cmlgo8w1z0000zvy5mwo8wc8k | cmnfr2q9u0b93xks32yg0ywqm | cmnqd3kds000jwo0wsq67se2k | cmnqd45qb01auwo0wbxjb20fx | cmnqd4okv02l5wo0wiq5oxilw | cmnr5cl6407shys0pz1pykii8 | cmnsobvxt000q77spq4tb1hx7
SKU0123,7,7,1,1,cmlgo8w1z0000zvy5mwo8wc8k | cmnfr2q9u0b93xks32yg0ywqm | cmnqd3kds000jwo0wsq67se2k | cmnqd45qb01auwo0wbxjb20fx | cmnqd4okv02l5wo0wiq5oxilw | cmnr5cl6407shys0pz1pykii8 | cmnsobvxt000q77spq4tb1hx7
SKU0124,7,7,1,1,cmlgo8w1z0000zvy5mwo8wc8k | cmnfr2q9u0b93xks32yg0ywqm | cmnqd3kds000jwo0wsq67se2k | cmnqd45qb01auwo0wbxjb20fx | cmnqd4okv02l5wo0wiq5oxilw | cmnr5cl6407shys0pz1pykii8 | cmnsobvxt000q77spq4tb1hx7
SKU0125,7,7,1,1,cmlgo8w1z0000zvy5mwo8wc8k | cmnfr2q9u0b93xks32yg0ywqm | cmnqd3kds000jwo0wsq67se2k | cmnqd45qb01auwo0wbxjb20fx | cmnqd4okv02l5wo0wiq5oxilw | cmnr5cl6407shys0pz1pykii8 | cmnsobvxt000q77spq4tb1hx7
SKU0126,7,7,1,1,cmlgo8w1z0000zvy5mwo8wc8k | cmnfr2q9u0b93xks32yg0ywqm | cmnqd3kds000jwo0wsq67se2k | cmnqd45qb01auwo0wbxjb20fx | cmnqd4okv02l5wo0wiq5oxilw | cmnr5cl6407shys0pz1pykii8 | cmnsobvxt000q77spq4tb1hx7
SKU0127,7,7,1,1,cmlgo8w1z0000zvy5mwo8wc8k | cmnfr2q9u0b93xks32yg0ywqm | cmnqd3kds000jwo0wsq67se2k | cmnqd45qb01auwo0wbxjb20fx | cmnqd4okv02l5wo0wiq5oxilw | cmnr5cl6407shys0pz1pykii8 | cmnsobvxt000q77spq4tb1hx7
SKU0128,7,7,1,1,cmlgo8w1z0000zvy5mwo8wc8k | cmnfr2q9u0b93xks32yg0ywqm | cmnqd3kds000jwo0wsq67se2k | cmnqd45qb01auwo0wbxjb20fx | cmnqd4okv02l5wo0wiq5oxilw | cmnr5cl6407shys0pz1pykii8 | cmnsobvxt000q77spq4tb1hx7
SKU0129,7,7,1,1,cmlgo8w1z0000zvy5mwo8wc8k | cmnfr2q9u0b93xks32yg0ywqm | cmnqd3kds000jwo0wsq67se2k | cmnqd45qb01auwo0wbxjb20fx | cmnqd4okv02l5wo0wiq5oxilw | cmnr5cl6407shys0pz1pykii8 | cmnsobvxt000q77spq4tb1hx7
SKU0130,7,7,1,1,cmlgo8w1z0000zvy5mwo8wc8k | cmnfr2q9u0b93xks32yg0ywqm | cmnqd3kds000jwo0wsq67se2k | cmnqd45qb01auwo0wbxjb20fx | cmnqd4okv02l5wo0wiq5oxilw | cmnr5cl6407shys0pz1pykii8 | cmnsobvxt000q77spq4tb1hx7
SKU0131,7,7,1,1,cmlgo8w1z0000zvy5mwo8wc8k | cmnfr2q9u0b93xks32yg0ywqm | cmnqd3kds000jwo0wsq67se2k | cmnqd45qb01auwo0wbxjb20fx | cmnqd4okv02l5wo0wiq5oxilw | cmnr5cl6407shys0pz1pykii8 | cmnsobvxt000q77spq4tb1hx7
SKU0132,7,7,1,1,cmlgo8w1z0000zvy5mwo8wc8k | cmnfr2q9u0b93xks32yg0ywqm | cmnqd3kds000jwo0wsq67se2k | cmnqd45qb01auwo0wbxjb20fx | cmnqd4okv02l5wo0wiq5oxilw | cmnr5cl6407shys0pz1pykii8 | cmnsobvxt000q77spq4tb1hx7
SKU0133,7,7,1,1,cmlgo8w1z0000zvy5mwo8wc8k | cmnfr2q9u0b93xks32yg0ywqm | cmnqd3kds000jwo0wsq67se2k | cmnqd45qb01auwo0wbxjb20fx | cmnqd4okv02l5wo0wiq5oxilw | cmnr5cl6407shys0pz1pykii8 | cmnsobvxt000q77spq4tb1hx7
SKU0134,7,7,1,1,cmlgo8w1z0000zvy5mwo8wc8k | cmnfr2q9u0b93xks32yg0ywqm | cmnqd3kds000jwo0wsq67se2k | cmnqd45qb01auwo0wbxjb20fx | cmnqd4okv02l5wo0wiq5oxilw | cmnr5cl6407shys0pz1pykii8 | cmnsobvxt000q77spq4tb1hx7
SKU0135,7,7,1,1,cmlgo8w1z0000zvy5mwo8wc8k | cmnfr2q9u0b93xks32yg0ywqm | cmnqd3kds000jwo0wsq67se2k | cmnqd45qb01auwo0wbxjb20fx | cmnqd4okv02l5wo0wiq5oxilw | cmnr5cl6407shys0pz1pykii8 | cmnsobvxt000q77spq4tb1hx7
SKU0136,7,7,1,1,cmlgo8w1z0000zvy5mwo8wc8k | cmnfr2q9u0b93xks32yg0ywqm | cmnqd3kds000jwo0wsq67se2k | cmnqd45qb01auwo0wbxjb20fx | cmnqd4okv02l5wo0wiq5oxilw | cmnr5cl6407shys0pz1pykii8 | cmnsobvxt000q77spq4tb1hx7
SKU0137,7,7,1,1,cmlgo8w1z0000zvy5mwo8wc8k | cmnfr2q9u0b93xks32yg0ywqm | cmnqd3kds000jwo0wsq67se2k | cmnqd45qb01auwo0wbxjb20fx | cmnqd4okv02l5wo0wiq5oxilw | cmnr5cl6407shys0pz1pykii8 | cmnsobvxt000q77spq4tb1hx7
SKU0138,7,7,1,1,cmlgo8w1z0000zvy5mwo8wc8k | cmnfr2q9u0b93xks32yg0ywqm | cmnqd3kds000jwo0wsq67se2k | cmnqd45qb01auwo0wbxjb20fx | cmnqd4okv02l5wo0wiq5oxilw | cmnr5cl6407shys0pz1pykii8 | cmnsobvxt000q77spq4tb1hx7
SKU0139,7,7,1,1,cmlgo8w1z0000zvy5mwo8wc8k | cmnfr2q9u0b93xks32yg0ywqm | cmnqd3kds000jwo0wsq67se2k | cmnqd45qb01auwo0wbxjb20fx | cmnqd4okv02l5wo0wiq5oxilw | cmnr5cl6407shys0pz1pykii8 | cmnsobvxt000q77spq4tb1hx7
SKU0140,7,7,1,1,cmlgo8w1z0000zvy5mwo8wc8k | cmnfr2q9u0b93xks32yg0ywqm | cmnqd3kds000jwo0wsq67se2k | cmnqd45qb01auwo0wbxjb20fx | cmnqd4okv02l5wo0wiq5oxilw | cmnr5cl6407shys0pz1pykii8 | cmnsobvxt000q77spq4tb1hx7
SKU0141,7,7,1,1,cmlgo8w1z0000zvy5mwo8wc8k | cmnfr2q9u0b93xks32yg0ywqm | cmnqd3kds000jwo0wsq67se2k | cmnqd45qb01auwo0wbxjb20fx | cmnqd4okv02l5wo0wiq5oxilw | cmnr5cl6407shys0pz1pykii8 | cmnsobvxt000q77spq4tb1hx7
SKU0142,7,7,1,1,cmlgo8w1z0000zvy5mwo8wc8k | cmnfr2q9u0b93xks32yg0ywqm | cmnqd3kds000jwo0wsq67se2k | cmnqd45qb01auwo0wbxjb20fx | cmnqd4okv02l5wo0wiq5oxilw | cmnr5cl6407shys0pz1pykii8 | cmnsobvxt000q77spq4tb1hx7
SKU0143,7,7,1,1,cmlgo8w1z0000zvy5mwo8wc8k | cmnfr2q9u0b93xks32yg0ywqm | cmnqd3kds000jwo0wsq67se2k | cmnqd45qb01auwo0wbxjb20fx | cmnqd4okv02l5wo0wiq5oxilw | cmnr5cl6407shys0pz1pykii8 | cmnsobvxt000q77spq4tb1hx7
SKU0144,7,7,1,1,cmlgo8w1z0000zvy5mwo8wc8k | cmnfr2q9u0b93xks32yg0ywqm | cmnqd3kds000jwo0wsq67se2k | cmnqd45qb01auwo0wbxjb20fx | cmnqd4okv02l5wo0wiq5oxilw | cmnr5cl6407shys0pz1pykii8 | cmnsobvxt000q77spq4tb1hx7
SKU0145,7,7,1,1,cmlgo8w1z0000zvy5mwo8wc8k | cmnfr2q9u0b93xks32yg0ywqm | cmnqd3kds000jwo0wsq67se2k | cmnqd45qb01auwo0wbxjb20fx | cmnqd4okv02l5wo0wiq5oxilw | cmnr5cl6407shys0pz1pykii8 | cmnsobvxt000q77spq4tb1hx7
SKU0146,7,7,1,1,cmlgo8w1z0000zvy5mwo8wc8k | cmnfr2q9u0b93xks32yg0ywqm | cmnqd3kds000jwo0wsq67se2k | cmnqd45qb01auwo0wbxjb20fx | cmnqd4okv02l5wo0wiq5oxilw | cmnr5cl6407shys0pz1pykii8 | cmnsobvxt000q77spq4tb1hx7
SKU0147,7,7,1,1,cmlgo8w1z0000zvy5mwo8wc8k | cmnfr2q9u0b93xks32yg0ywqm | cmnqd3kds000jwo0wsq67se2k | cmnqd45qb01auwo0wbxjb20fx | cmnqd4okv02l5wo0wiq5oxilw | cmnr5cl6407shys0pz1pykii8 | cmnsobvxt000q77spq4tb1hx7
SKU0148,7,7,1,1,cmlgo8w1z0000zvy5mwo8wc8k | cmnfr2q9u0b93xks32yg0ywqm | cmnqd3kds000jwo0wsq67se2k | cmnqd45qb01auwo0wbxjb20fx | cmnqd4okv02l5wo0wiq5oxilw | cmnr5cl6407shys0pz1pykii8 | cmnsobvxt000q77spq4tb1hx7
SKU0149,7,7,1,1,cmlgo8w1z0000zvy5mwo8wc8k | cmnfr2q9u0b93xks32yg0ywqm | cmnqd3kds000jwo0wsq67se2k | cmnqd45qb01auwo0wbxjb20fx | cmnqd4okv02l5wo0wiq5oxilw | cmnr5cl6407shys0pz1pykii8 | cmnsobvxt000q77spq4tb1hx7
SKU0150,7,7,1,1,cmlgo8w1z0000zvy5mwo8wc8k | cmnfr2q9u0b93xks32yg0ywqm | cmnqd3kds000jwo0wsq67se2k | cmnqd45qb01auwo0wbxjb20fx | cmnqd4okv02l5wo0wiq5oxilw | cmnr5cl6407shys0pz1pykii8 | cmnsobvxt000q77spq4tb1hx7
SKU0151,7,7,1,1,cmlgo8w1z0000zvy5mwo8wc8k | cmnfr2q9u0b93xks32yg0ywqm | cmnqd3kds000jwo0wsq67se2k | cmnqd45qb01auwo0wbxjb20fx | cmnqd4okv02l5wo0wiq5oxilw | cmnr5cl6407shys0pz1pykii8 | cmnsobvxt000q77spq4tb1hx7
SKU0152,7,7,1,1,cmlgo8w1z0000zvy5mwo8wc8k | cmnfr2q9u0b93xks32yg0ywqm | cmnqd3kds000jwo0wsq67se2k | cmnqd45qb01auwo0wbxjb20fx | cmnqd4okv02l5wo0wiq5oxilw | cmnr5cl6407shys0pz1pykii8 | cmnsobvxt000q77spq4tb1hx7
SKU0153,7,7,1,1,cmlgo8w1z0000zvy5mwo8wc8k | cmnfr2q9u0b93xks32yg0ywqm | cmnqd3kds000jwo0wsq67se2k | cmnqd45qb01auwo0wbxjb20fx | cmnqd4okv02l5wo0wiq5oxilw | cmnr5cl6407shys0pz1pykii8 | cmnsobvxt000q77spq4tb1hx7
SKU0154,7,7,1,1,cmlgo8w1z0000zvy5mwo8wc8k | cmnfr2q9u0b93xks32yg0ywqm | cmnqd3kds000jwo0wsq67se2k | cmnqd45qb01auwo0wbxjb20fx | cmnqd4okv02l5wo0wiq5oxilw | cmnr5cl6407shys0pz1pykii8 | cmnsobvxt000q77spq4tb1hx7
SKU0155,7,7,1,1,cmlgo8w1z0000zvy5mwo8wc8k | cmnfr2q9u0b93xks32yg0ywqm | cmnqd3kds000jwo0wsq67se2k | cmnqd45qb01auwo0wbxjb20fx | cmnqd4okv02l5wo0wiq5oxilw | cmnr5cl6407shys0pz1pykii8 | cmnsobvxt000q77spq4tb1hx7
SKU0156,7,7,1,1,cmlgo8w1z0000zvy5mwo8wc8k | cmnfr2q9u0b93xks32yg0ywqm | cmnqd3kds000jwo0wsq67se2k | cmnqd45qb01auwo0wbxjb20fx | cmnqd4okv02l5wo0wiq5oxilw | cmnr5cl6407shys0pz1pykii8 | cmnsobvxt000q77spq4tb1hx7
SKU0157,7,7,1,1,cmlgo8w1z0000zvy5mwo8wc8k | cmnfr2q9u0b93xks32yg0ywqm | cmnqd3kds000jwo0wsq67se2k | cmnqd45qb01auwo0wbxjb20fx | cmnqd4okv02l5wo0wiq5oxilw | cmnr5cl6407shys0pz1pykii8 | cmnsobvxt000q77spq4tb1hx7
SKU0158,7,7,1,1,cmlgo8w1z0000zvy5mwo8wc8k | cmnfr2q9u0b93xks32yg0ywqm | cmnqd3kds000jwo0wsq67se2k | cmnqd45qb01auwo0wbxjb20fx | cmnqd4okv02l5wo0wiq5oxilw | cmnr5cl6407shys0pz1pykii8 | cmnsobvxt000q77spq4tb1hx7
SKU0159,7,7,1,1,cmlgo8w1z0000zvy5mwo8wc8k | cmnfr2q9u0b93xks32yg0ywqm | cmnqd3kds000jwo0wsq67se2k | cmnqd45qb01auwo0wbxjb20fx | cmnqd4okv02l5wo0wiq5oxilw | cmnr5cl6407shys0pz1pykii8 | cmnsobvxt000q77spq4tb1hx7
SKU0160,7,7,1,2,cmlgo8w1z0000zvy5mwo8wc8k | cmnfr2q9u0b93xks32yg0ywqm | cmnqd3kds000jwo0wsq67se2k | cmnqd45qb01auwo0wbxjb20fx | cmnqd4okv02l5wo0wiq5oxilw | cmnr5cl6407shys0pz1pykii8 | cmnsobvxt000q77spq4tb1hx7
SKU0161,7,7,1,1,cmlgo8w1z0000zvy5mwo8wc8k | cmnfr2q9u0b93xks32yg0ywqm | cmnqd3kds000jwo0wsq67se2k | cmnqd45qb01auwo0wbxjb20fx | cmnqd4okv02l5wo0wiq5oxilw | cmnr5cl6407shys0pz1pykii8 | cmnsobvxt000q77spq4tb1hx7
SKU0162,7,7,1,1,cmlgo8w1z0000zvy5mwo8wc8k | cmnfr2q9u0b93xks32yg0ywqm | cmnqd3kds000jwo0wsq67se2k | cmnqd45qb01auwo0wbxjb20fx | cmnqd4okv02l5wo0wiq5oxilw | cmnr5cl6407shys0pz1pykii8 | cmnsobvxt000q77spq4tb1hx7
SKU0163,7,7,1,1,cmlgo8w1z0000zvy5mwo8wc8k | cmnfr2q9u0b93xks32yg0ywqm | cmnqd3kds000jwo0wsq67se2k | cmnqd45qb01auwo0wbxjb20fx | cmnqd4okv02l5wo0wiq5oxilw | cmnr5cl6407shys0pz1pykii8 | cmnsobvxt000q77spq4tb1hx7
SKU0164,7,7,1,1,cmlgo8w1z0000zvy5mwo8wc8k | cmnfr2q9u0b93xks32yg0ywqm | cmnqd3kds000jwo0wsq67se2k | cmnqd45qb01auwo0wbxjb20fx | cmnqd4okv02l5wo0wiq5oxilw | cmnr5cl6407shys0pz1pykii8 | cmnsobvxt000q77spq4tb1hx7
SKU0165,7,7,1,1,cmlgo8w1z0000zvy5mwo8wc8k | cmnfr2q9u0b93xks32yg0ywqm | cmnqd3kds000jwo0wsq67se2k | cmnqd45qb01auwo0wbxjb20fx | cmnqd4okv02l5wo0wiq5oxilw | cmnr5cl6407shys0pz1pykii8 | cmnsobvxt000q77spq4tb1hx7
SKU0166,7,7,1,1,cmlgo8w1z0000zvy5mwo8wc8k | cmnfr2q9u0b93xks32yg0ywqm | cmnqd3kds000jwo0wsq67se2k | cmnqd45qb01auwo0wbxjb20fx | cmnqd4okv02l5wo0wiq5oxilw | cmnr5cl6407shys0pz1pykii8 | cmnsobvxt000q77spq4tb1hx7
SKU0167,7,7,1,1,cmlgo8w1z0000zvy5mwo8wc8k | cmnfr2q9u0b93xks32yg0ywqm | cmnqd3kds000jwo0wsq67se2k | cmnqd45qb01auwo0wbxjb20fx | cmnqd4okv02l5wo0wiq5oxilw | cmnr5cl6407shys0pz1pykii8 | cmnsobvxt000q77spq4tb1hx7
SKU0168,7,7,1,1,cmlgo8w1z0000zvy5mwo8wc8k | cmnfr2q9u0b93xks32yg0ywqm | cmnqd3kds000jwo0wsq67se2k | cmnqd45qb01auwo0wbxjb20fx | cmnqd4okv02l5wo0wiq5oxilw | cmnr5cl6407shys0pz1pykii8 | cmnsobvxt000q77spq4tb1hx7
SKU0169,7,7,1,1,cmlgo8w1z0000zvy5mwo8wc8k | cmnfr2q9u0b93xks32yg0ywqm | cmnqd3kds000jwo0wsq67se2k | cmnqd45qb01auwo0wbxjb20fx | cmnqd4okv02l5wo0wiq5oxilw | cmnr5cl6407shys0pz1pykii8 | cmnsobvxt000q77spq4tb1hx7
SKU0170,7,7,1,1,cmlgo8w1z0000zvy5mwo8wc8k | cmnfr2q9u0b93xks32yg0ywqm | cmnqd3kds000jwo0wsq67se2k | cmnqd45qb01auwo0wbxjb20fx | cmnqd4okv02l5wo0wiq5oxilw | cmnr5cl6407shys0pz1pykii8 | cmnsobvxt000q77spq4tb1hx7
SKU0171,7,7,1,1,cmlgo8w1z0000zvy5mwo8wc8k | cmnfr2q9u0b93xks32yg0ywqm | cmnqd3kds000jwo0wsq67se2k | cmnqd45qb01auwo0wbxjb20fx | cmnqd4okv02l5wo0wiq5oxilw | cmnr5cl6407shys0pz1pykii8 | cmnsobvxt000q77spq4tb1hx7
SKU0172,7,7,1,1,cmlgo8w1z0000zvy5mwo8wc8k | cmnfr2q9u0b93xks32yg0ywqm | cmnqd3kds000jwo0wsq67se2k | cmnqd45qb01auwo0wbxjb20fx | cmnqd4okv02l5wo0wiq5oxilw | cmnr5cl6407shys0pz1pykii8 | cmnsobvxt000q77spq4tb1hx7
SKU0173,7,7,1,1,cmlgo8w1z0000zvy5mwo8wc8k | cmnfr2q9u0b93xks32yg0ywqm | cmnqd3kds000jwo0wsq67se2k | cmnqd45qb01auwo0wbxjb20fx | cmnqd4okv02l5wo0wiq5oxilw | cmnr5cl6407shys0pz1pykii8 | cmnsobvxt000q77spq4tb1hx7
SKU0174,7,7,1,1,cmlgo8w1z0000zvy5mwo8wc8k | cmnfr2q9u0b93xks32yg0ywqm | cmnqd3kds000jwo0wsq67se2k | cmnqd45qb01auwo0wbxjb20fx | cmnqd4okv02l5wo0wiq5oxilw | cmnr5cl6407shys0pz1pykii8 | cmnsobvxt000q77spq4tb1hx7
SKU0175,7,7,1,1,cmlgo8w1z0000zvy5mwo8wc8k | cmnfr2q9u0b93xks32yg0ywqm | cmnqd3kds000jwo0wsq67se2k | cmnqd45qb01auwo0wbxjb20fx | cmnqd4okv02l5wo0wiq5oxilw | cmnr5cl6407shys0pz1pykii8 | cmnsobvxt000q77spq4tb1hx7
SKU0176,7,7,1,1,cmlgo8w1z0000zvy5mwo8wc8k | cmnfr2q9u0b93xks32yg0ywqm | cmnqd3kds000jwo0wsq67se2k | cmnqd45qb01auwo0wbxjb20fx | cmnqd4okv02l5wo0wiq5oxilw | cmnr5cl6407shys0pz1pykii8 | cmnsobvxt000q77spq4tb1hx7
SKU0177,7,7,1,1,cmlgo8w1z0000zvy5mwo8wc8k | cmnfr2q9u0b93xks32yg0ywqm | cmnqd3kds000jwo0wsq67se2k | cmnqd45qb01auwo0wbxjb20fx | cmnqd4okv02l5wo0wiq5oxilw | cmnr5cl6407shys0pz1pykii8 | cmnsobvxt000q77spq4tb1hx7
SKU0178,7,7,1,1,cmlgo8w1z0000zvy5mwo8wc8k | cmnfr2q9u0b93xks32yg0ywqm | cmnqd3kds000jwo0wsq67se2k | cmnqd45qb01auwo0wbxjb20fx | cmnqd4okv02l5wo0wiq5oxilw | cmnr5cl6407shys0pz1pykii8 | cmnsobvxt000q77spq4tb1hx7
SKU0179,7,7,1,1,cmlgo8w1z0000zvy5mwo8wc8k | cmnfr2q9u0b93xks32yg0ywqm | cmnqd3kds000jwo0wsq67se2k | cmnqd45qb01auwo0wbxjb20fx | cmnqd4okv02l5wo0wiq5oxilw | cmnr5cl6407shys0pz1pykii8 | cmnsobvxt000q77spq4tb1hx7
SKU0180,7,7,1,1,cmlgo8w1z0000zvy5mwo8wc8k | cmnfr2q9u0b93xks32yg0ywqm | cmnqd3kds000jwo0wsq67se2k | cmnqd45qb01auwo0wbxjb20fx | cmnqd4okv02l5wo0wiq5oxilw | cmnr5cl6407shys0pz1pykii8 | cmnsobvxt000q77spq4tb1hx7
SKU0181,7,7,1,1,cmlgo8w1z0000zvy5mwo8wc8k | cmnfr2q9u0b93xks32yg0ywqm | cmnqd3kds000jwo0wsq67se2k | cmnqd45qb01auwo0wbxjb20fx | cmnqd4okv02l5wo0wiq5oxilw | cmnr5cl6407shys0pz1pykii8 | cmnsobvxt000q77spq4tb1hx7
SKU0182,7,7,1,1,cmlgo8w1z0000zvy5mwo8wc8k | cmnfr2q9u0b93xks32yg0ywqm | cmnqd3kds000jwo0wsq67se2k | cmnqd45qb01auwo0wbxjb20fx | cmnqd4okv02l5wo0wiq5oxilw | cmnr5cl6407shys0pz1pykii8 | cmnsobvxt000q77spq4tb1hx7
SKU0184,7,7,1,1,cmlgo8w1z0000zvy5mwo8wc8k | cmnfr2q9u0b93xks32yg0ywqm | cmnqd3kds000jwo0wsq67se2k | cmnqd45qb01auwo0wbxjb20fx | cmnqd4okv02l5wo0wiq5oxilw | cmnr5cl6407shys0pz1pykii8 | cmnsobvxt000q77spq4tb1hx7
SKU0185,7,7,1,1,cmlgo8w1z0000zvy5mwo8wc8k | cmnfr2q9u0b93xks32yg0ywqm | cmnqd3kds000jwo0wsq67se2k | cmnqd45qb01auwo0wbxjb20fx | cmnqd4okv02l5wo0wiq5oxilw | cmnr5cl6407shys0pz1pykii8 | cmnsobvxt000q77spq4tb1hx7
SKU0186,7,7,1,1,cmlgo8w1z0000zvy5mwo8wc8k | cmnfr2q9u0b93xks32yg0ywqm | cmnqd3kds000jwo0wsq67se2k | cmnqd45qb01auwo0wbxjb20fx | cmnqd4okv02l5wo0wiq5oxilw | cmnr5cl6407shys0pz1pykii8 | cmnsobvxt000q77spq4tb1hx7
SKU0187,7,7,1,1,cmlgo8w1z0000zvy5mwo8wc8k | cmnfr2q9u0b93xks32yg0ywqm | cmnqd3kds000jwo0wsq67se2k | cmnqd45qb01auwo0wbxjb20fx | cmnqd4okv02l5wo0wiq5oxilw | cmnr5cl6407shys0pz1pykii8 | cmnsobvxt000q77spq4tb1hx7
SKU0188,7,7,1,1,cmlgo8w1z0000zvy5mwo8wc8k | cmnfr2q9u0b93xks32yg0ywqm | cmnqd3kds000jwo0wsq67se2k | cmnqd45qb01auwo0wbxjb20fx | cmnqd4okv02l5wo0wiq5oxilw | cmnr5cl6407shys0pz1pykii8 | cmnsobvxt000q77spq4tb1hx7
SKU0189,7,7,1,1,cmlgo8w1z0000zvy5mwo8wc8k | cmnfr2q9u0b93xks32yg0ywqm | cmnqd3kds000jwo0wsq67se2k | cmnqd45qb01auwo0wbxjb20fx | cmnqd4okv02l5wo0wiq5oxilw | cmnr5cl6407shys0pz1pykii8 | cmnsobvxt000q77spq4tb1hx7
SKU0190,7,7,1,1,cmlgo8w1z0000zvy5mwo8wc8k | cmnfr2q9u0b93xks32yg0ywqm | cmnqd3kds000jwo0wsq67se2k | cmnqd45qb01auwo0wbxjb20fx | cmnqd4okv02l5wo0wiq5oxilw | cmnr5cl6407shys0pz1pykii8 | cmnsobvxt000q77spq4tb1hx7
SKU0191,7,7,1,1,cmlgo8w1z0000zvy5mwo8wc8k | cmnfr2q9u0b93xks32yg0ywqm | cmnqd3kds000jwo0wsq67se2k | cmnqd45qb01auwo0wbxjb20fx | cmnqd4okv02l5wo0wiq5oxilw | cmnr5cl6407shys0pz1pykii8 | cmnsobvxt000q77spq4tb1hx7
SKU0192,7,7,1,1,cmlgo8w1z0000zvy5mwo8wc8k | cmnfr2q9u0b93xks32yg0ywqm | cmnqd3kds000jwo0wsq67se2k | cmnqd45qb01auwo0wbxjb20fx | cmnqd4okv02l5wo0wiq5oxilw | cmnr5cl6407shys0pz1pykii8 | cmnsobvxt000q77spq4tb1hx7
SKU0193,7,7,1,1,cmlgo8w1z0000zvy5mwo8wc8k | cmnfr2q9u0b93xks32yg0ywqm | cmnqd3kds000jwo0wsq67se2k | cmnqd45qb01auwo0wbxjb20fx | cmnqd4okv02l5wo0wiq5oxilw | cmnr5cl6407shys0pz1pykii8 | cmnsobvxt000q77spq4tb1hx7
SKU0194,7,7,1,1,cmlgo8w1z0000zvy5mwo8wc8k | cmnfr2q9u0b93xks32yg0ywqm | cmnqd3kds000jwo0wsq67se2k | cmnqd45qb01auwo0wbxjb20fx | cmnqd4okv02l5wo0wiq5oxilw | cmnr5cl6407shys0pz1pykii8 | cmnsobvxt000q77spq4tb1hx7
SKU0195,7,7,1,1,cmlgo8w1z0000zvy5mwo8wc8k | cmnfr2q9u0b93xks32yg0ywqm | cmnqd3kds000jwo0wsq67se2k | cmnqd45qb01auwo0wbxjb20fx | cmnqd4okv02l5wo0wiq5oxilw | cmnr5cl6407shys0pz1pykii8 | cmnsobvxt000q77spq4tb1hx7
SKU0196,7,7,1,1,cmlgo8w1z0000zvy5mwo8wc8k | cmnfr2q9u0b93xks32yg0ywqm | cmnqd3kds000jwo0wsq67se2k | cmnqd45qb01auwo0wbxjb20fx | cmnqd4okv02l5wo0wiq5oxilw | cmnr5cl6407shys0pz1pykii8 | cmnsobvxt000q77spq4tb1hx7
SKU0197,7,7,1,1,cmlgo8w1z0000zvy5mwo8wc8k | cmnfr2q9u0b93xks32yg0ywqm | cmnqd3kds000jwo0wsq67se2k | cmnqd45qb01auwo0wbxjb20fx | cmnqd4okv02l5wo0wiq5oxilw | cmnr5cl6407shys0pz1pykii8 | cmnsobvxt000q77spq4tb1hx7
SKU0198,7,7,1,1,cmlgo8w1z0000zvy5mwo8wc8k | cmnfr2q9u0b93xks32yg0ywqm | cmnqd3kds000jwo0wsq67se2k | cmnqd45qb01auwo0wbxjb20fx | cmnqd4okv02l5wo0wiq5oxilw | cmnr5cl6407shys0pz1pykii8 | cmnsobvxt000q77spq4tb1hx7
SKU0199,7,7,1,1,cmlgo8w1z0000zvy5mwo8wc8k | cmnfr2q9u0b93xks32yg0ywqm | cmnqd3kds000jwo0wsq67se2k | cmnqd45qb01auwo0wbxjb20fx | cmnqd4okv02l5wo0wiq5oxilw | cmnr5cl6407shys0pz1pykii8 | cmnsobvxt000q77spq4tb1hx7
SKU0200,7,7,1,1,cmlgo8w1z0000zvy5mwo8wc8k | cmnfr2q9u0b93xks32yg0ywqm | cmnqd3kds000jwo0wsq67se2k | cmnqd45qb01auwo0wbxjb20fx | cmnqd4okv02l5wo0wiq5oxilw | cmnr5cl6407shys0pz1pykii8 | cmnsobvxt000q77spq4tb1hx7
SKU0201,7,7,1,1,cmlgo8w1z0000zvy5mwo8wc8k | cmnfr2q9u0b93xks32yg0ywqm | cmnqd3kds000jwo0wsq67se2k | cmnqd45qb01auwo0wbxjb20fx | cmnqd4okv02l5wo0wiq5oxilw | cmnr5cl6407shys0pz1pykii8 | cmnsobvxt000q77spq4tb1hx7
SKU0202,7,7,1,1,cmlgo8w1z0000zvy5mwo8wc8k | cmnfr2q9u0b93xks32yg0ywqm | cmnqd3kds000jwo0wsq67se2k | cmnqd45qb01auwo0wbxjb20fx | cmnqd4okv02l5wo0wiq5oxilw | cmnr5cl6407shys0pz1pykii8 | cmnsobvxt000q77spq4tb1hx7
SKU0203,7,7,1,1,cmlgo8w1z0000zvy5mwo8wc8k | cmnfr2q9u0b93xks32yg0ywqm | cmnqd3kds000jwo0wsq67se2k | cmnqd45qb01auwo0wbxjb20fx | cmnqd4okv02l5wo0wiq5oxilw | cmnr5cl6407shys0pz1pykii8 | cmnsobvxt000q77spq4tb1hx7
SKU0204,7,7,1,1,cmlgo8w1z0000zvy5mwo8wc8k | cmnfr2q9u0b93xks32yg0ywqm | cmnqd3kds000jwo0wsq67se2k | cmnqd45qb01auwo0wbxjb20fx | cmnqd4okv02l5wo0wiq5oxilw | cmnr5cl6407shys0pz1pykii8 | cmnsobvxt000q77spq4tb1hx7
SKU0205,7,7,1,1,cmlgo8w1z0000zvy5mwo8wc8k | cmnfr2q9u0b93xks32yg0ywqm | cmnqd3kds000jwo0wsq67se2k | cmnqd45qb01auwo0wbxjb20fx | cmnqd4okv02l5wo0wiq5oxilw | cmnr5cl6407shys0pz1pykii8 | cmnsobvxt000q77spq4tb1hx7
SKU0206,7,7,1,1,cmlgo8w1z0000zvy5mwo8wc8k | cmnfr2q9u0b93xks32yg0ywqm | cmnqd3kds000jwo0wsq67se2k | cmnqd45qb01auwo0wbxjb20fx | cmnqd4okv02l5wo0wiq5oxilw | cmnr5cl6407shys0pz1pykii8 | cmnsobvxt000q77spq4tb1hx7
SKU0207,7,7,1,1,cmlgo8w1z0000zvy5mwo8wc8k | cmnfr2q9u0b93xks32yg0ywqm | cmnqd3kds000jwo0wsq67se2k | cmnqd45qb01auwo0wbxjb20fx | cmnqd4okv02l5wo0wiq5oxilw | cmnr5cl6407shys0pz1pykii8 | cmnsobvxt000q77spq4tb1hx7
SKU0208,7,7,1,1,cmlgo8w1z0000zvy5mwo8wc8k | cmnfr2q9u0b93xks32yg0ywqm | cmnqd3kds000jwo0wsq67se2k | cmnqd45qb01auwo0wbxjb20fx | cmnqd4okv02l5wo0wiq5oxilw | cmnr5cl6407shys0pz1pykii8 | cmnsobvxt000q77spq4tb1hx7
SKU0209,7,7,1,1,cmlgo8w1z0000zvy5mwo8wc8k | cmnfr2q9u0b93xks32yg0ywqm | cmnqd3kds000jwo0wsq67se2k | cmnqd45qb01auwo0wbxjb20fx | cmnqd4okv02l5wo0wiq5oxilw | cmnr5cl6407shys0pz1pykii8 | cmnsobvxt000q77spq4tb1hx7
SKU0210,7,7,1,1,cmlgo8w1z0000zvy5mwo8wc8k | cmnfr2q9u0b93xks32yg0ywqm | cmnqd3kds000jwo0wsq67se2k | cmnqd45qb01auwo0wbxjb20fx | cmnqd4okv02l5wo0wiq5oxilw | cmnr5cl6407shys0pz1pykii8 | cmnsobvxt000q77spq4tb1hx7
SKU0211,7,7,1,1,cmlgo8w1z0000zvy5mwo8wc8k | cmnfr2q9u0b93xks32yg0ywqm | cmnqd3kds000jwo0wsq67se2k | cmnqd45qb01auwo0wbxjb20fx | cmnqd4okv02l5wo0wiq5oxilw | cmnr5cl6407shys0pz1pykii8 | cmnsobvxt000q77spq4tb1hx7
SKU0212,7,7,1,1,cmlgo8w1z0000zvy5mwo8wc8k | cmnfr2q9u0b93xks32yg0ywqm | cmnqd3kds000jwo0wsq67se2k | cmnqd45qb01auwo0wbxjb20fx | cmnqd4okv02l5wo0wiq5oxilw | cmnr5cl6407shys0pz1pykii8 | cmnsobvxt000q77spq4tb1hx7
SKU0213,7,7,1,1,cmlgo8w1z0000zvy5mwo8wc8k | cmnfr2q9u0b93xks32yg0ywqm | cmnqd3kds000jwo0wsq67se2k | cmnqd45qb01auwo0wbxjb20fx | cmnqd4okv02l5wo0wiq5oxilw | cmnr5cl6407shys0pz1pykii8 | cmnsobvxt000q77spq4tb1hx7
SKU0214,7,7,1,1,cmlgo8w1z0000zvy5mwo8wc8k | cmnfr2q9u0b93xks32yg0ywqm | cmnqd3kds000jwo0wsq67se2k | cmnqd45qb01auwo0wbxjb20fx | cmnqd4okv02l5wo0wiq5oxilw | cmnr5cl6407shys0pz1pykii8 | cmnsobvxt000q77spq4tb1hx7
SKU0215,7,7,1,1,cmlgo8w1z0000zvy5mwo8wc8k | cmnfr2q9u0b93xks32yg0ywqm | cmnqd3kds000jwo0wsq67se2k | cmnqd45qb01auwo0wbxjb20fx | cmnqd4okv02l5wo0wiq5oxilw | cmnr5cl6407shys0pz1pykii8 | cmnsobvxt000q77spq4tb1hx7
SKU0216,7,7,1,1,cmlgo8w1z0000zvy5mwo8wc8k | cmnfr2q9u0b93xks32yg0ywqm | cmnqd3kds000jwo0wsq67se2k | cmnqd45qb01auwo0wbxjb20fx | cmnqd4okv02l5wo0wiq5oxilw | cmnr5cl6407shys0pz1pykii8 | cmnsobvxt000q77spq4tb1hx7
SKU0217,7,7,1,1,cmlgo8w1z0000zvy5mwo8wc8k | cmnfr2q9u0b93xks32yg0ywqm | cmnqd3kds000jwo0wsq67se2k | cmnqd45qb01auwo0wbxjb20fx | cmnqd4okv02l5wo0wiq5oxilw | cmnr5cl6407shys0pz1pykii8 | cmnsobvxt000q77spq4tb1hx7
SKU0218,7,7,1,1,cmlgo8w1z0000zvy5mwo8wc8k | cmnfr2q9u0b93xks32yg0ywqm | cmnqd3kds000jwo0wsq67se2k | cmnqd45qb01auwo0wbxjb20fx | cmnqd4okv02l5wo0wiq5oxilw | cmnr5cl6407shys0pz1pykii8 | cmnsobvxt000q77spq4tb1hx7
SKU0219,7,7,1,1,cmlgo8w1z0000zvy5mwo8wc8k | cmnfr2q9u0b93xks32yg0ywqm | cmnqd3kds000jwo0wsq67se2k | cmnqd45qb01auwo0wbxjb20fx | cmnqd4okv02l5wo0wiq5oxilw | cmnr5cl6407shys0pz1pykii8 | cmnsobvxt000q77spq4tb1hx7
SKU0220,7,7,1,1,cmlgo8w1z0000zvy5mwo8wc8k | cmnfr2q9u0b93xks32yg0ywqm | cmnqd3kds000jwo0wsq67se2k | cmnqd45qb01auwo0wbxjb20fx | cmnqd4okv02l5wo0wiq5oxilw | cmnr5cl6407shys0pz1pykii8 | cmnsobvxt000q77spq4tb1hx7
SKU0221,7,7,1,1,cmlgo8w1z0000zvy5mwo8wc8k | cmnfr2q9u0b93xks32yg0ywqm | cmnqd3kds000jwo0wsq67se2k | cmnqd45qb01auwo0wbxjb20fx | cmnqd4okv02l5wo0wiq5oxilw | cmnr5cl6407shys0pz1pykii8 | cmnsobvxt000q77spq4tb1hx7
SKU0222,7,7,1,1,cmlgo8w1z0000zvy5mwo8wc8k | cmnfr2q9u0b93xks32yg0ywqm | cmnqd3kds000jwo0wsq67se2k | cmnqd45qb01auwo0wbxjb20fx | cmnqd4okv02l5wo0wiq5oxilw | cmnr5cl6407shys0pz1pykii8 | cmnsobvxt000q77spq4tb1hx7
SKU0223,7,7,1,1,cmlgo8w1z0000zvy5mwo8wc8k | cmnfr2q9u0b93xks32yg0ywqm | cmnqd3kds000jwo0wsq67se2k | cmnqd45qb01auwo0wbxjb20fx | cmnqd4okv02l5wo0wiq5oxilw | cmnr5cl6407shys0pz1pykii8 | cmnsobvxt000q77spq4tb1hx7
SKU0224,7,7,1,1,cmlgo8w1z0000zvy5mwo8wc8k | cmnfr2q9u0b93xks32yg0ywqm | cmnqd3kds000jwo0wsq67se2k | cmnqd45qb01auwo0wbxjb20fx | cmnqd4okv02l5wo0wiq5oxilw | cmnr5cl6407shys0pz1pykii8 | cmnsobvxt000q77spq4tb1hx7
SKU0225,7,7,1,1,cmlgo8w1z0000zvy5mwo8wc8k | cmnfr2q9u0b93xks32yg0ywqm | cmnqd3kds000jwo0wsq67se2k | cmnqd45qb01auwo0wbxjb20fx | cmnqd4okv02l5wo0wiq5oxilw | cmnr5cl6407shys0pz1pykii8 | cmnsobvxt000q77spq4tb1hx7
SKU0226,7,7,1,1,cmlgo8w1z0000zvy5mwo8wc8k | cmnfr2q9u0b93xks32yg0ywqm | cmnqd3kds000jwo0wsq67se2k | cmnqd45qb01auwo0wbxjb20fx | cmnqd4okv02l5wo0wiq5oxilw | cmnr5cl6407shys0pz1pykii8 | cmnsobvxt000q77spq4tb1hx7
SKU0227,7,7,1,1,cmlgo8w1z0000zvy5mwo8wc8k | cmnfr2q9u0b93xks32yg0ywqm | cmnqd3kds000jwo0wsq67se2k | cmnqd45qb01auwo0wbxjb20fx | cmnqd4okv02l5wo0wiq5oxilw | cmnr5cl6407shys0pz1pykii8 | cmnsobvxt000q77spq4tb1hx7
SKU0228,7,7,1,1,cmlgo8w1z0000zvy5mwo8wc8k | cmnfr2q9u0b93xks32yg0ywqm | cmnqd3kds000jwo0wsq67se2k | cmnqd45qb01auwo0wbxjb20fx | cmnqd4okv02l5wo0wiq5oxilw | cmnr5cl6407shys0pz1pykii8 | cmnsobvxt000q77spq4tb1hx7
SKU0229,7,7,1,1,cmlgo8w1z0000zvy5mwo8wc8k | cmnfr2q9u0b93xks32yg0ywqm | cmnqd3kds000jwo0wsq67se2k | cmnqd45qb01auwo0wbxjb20fx | cmnqd4okv02l5wo0wiq5oxilw | cmnr5cl6407shys0pz1pykii8 | cmnsobvxt000q77spq4tb1hx7
SKU0230,7,7,1,1,cmlgo8w1z0000zvy5mwo8wc8k | cmnfr2q9u0b93xks32yg0ywqm | cmnqd3kds000jwo0wsq67se2k | cmnqd45qb01auwo0wbxjb20fx | cmnqd4okv02l5wo0wiq5oxilw | cmnr5cl6407shys0pz1pykii8 | cmnsobvxt000q77spq4tb1hx7
SKU0231,7,7,1,1,cmlgo8w1z0000zvy5mwo8wc8k | cmnfr2q9u0b93xks32yg0ywqm | cmnqd3kds000jwo0wsq67se2k | cmnqd45qb01auwo0wbxjb20fx | cmnqd4okv02l5wo0wiq5oxilw | cmnr5cl6407shys0pz1pykii8 | cmnsobvxt000q77spq4tb1hx7
SKU0232,7,7,1,1,cmlgo8w1z0000zvy5mwo8wc8k | cmnfr2q9u0b93xks32yg0ywqm | cmnqd3kds000jwo0wsq67se2k | cmnqd45qb01auwo0wbxjb20fx | cmnqd4okv02l5wo0wiq5oxilw | cmnr5cl6407shys0pz1pykii8 | cmnsobvxt000q77spq4tb1hx7
SKU0233,7,7,1,1,cmlgo8w1z0000zvy5mwo8wc8k | cmnfr2q9u0b93xks32yg0ywqm | cmnqd3kds000jwo0wsq67se2k | cmnqd45qb01auwo0wbxjb20fx | cmnqd4okv02l5wo0wiq5oxilw | cmnr5cl6407shys0pz1pykii8 | cmnsobvxt000q77spq4tb1hx7
SKU0234,7,7,1,1,cmlgo8w1z0000zvy5mwo8wc8k | cmnfr2q9u0b93xks32yg0ywqm | cmnqd3kds000jwo0wsq67se2k | cmnqd45qb01auwo0wbxjb20fx | cmnqd4okv02l5wo0wiq5oxilw | cmnr5cl6407shys0pz1pykii8 | cmnsobvxt000q77spq4tb1hx7
SKU0235,7,7,1,1,cmlgo8w1z0000zvy5mwo8wc8k | cmnfr2q9u0b93xks32yg0ywqm | cmnqd3kds000jwo0wsq67se2k | cmnqd45qb01auwo0wbxjb20fx | cmnqd4okv02l5wo0wiq5oxilw | cmnr5cl6407shys0pz1pykii8 | cmnsobvxt000q77spq4tb1hx7
SKU0236,7,7,1,1,cmlgo8w1z0000zvy5mwo8wc8k | cmnfr2q9u0b93xks32yg0ywqm | cmnqd3kds000jwo0wsq67se2k | cmnqd45qb01auwo0wbxjb20fx | cmnqd4okv02l5wo0wiq5oxilw | cmnr5cl6407shys0pz1pykii8 | cmnsobvxt000q77spq4tb1hx7
SKU0237,7,7,1,1,cmlgo8w1z0000zvy5mwo8wc8k | cmnfr2q9u0b93xks32yg0ywqm | cmnqd3kds000jwo0wsq67se2k | cmnqd45qb01auwo0wbxjb20fx | cmnqd4okv02l5wo0wiq5oxilw | cmnr5cl6407shys0pz1pykii8 | cmnsobvxt000q77spq4tb1hx7
SKU0238,7,7,1,1,cmlgo8w1z0000zvy5mwo8wc8k | cmnfr2q9u0b93xks32yg0ywqm | cmnqd3kds000jwo0wsq67se2k | cmnqd45qb01auwo0wbxjb20fx | cmnqd4okv02l5wo0wiq5oxilw | cmnr5cl6407shys0pz1pykii8 | cmnsobvxt000q77spq4tb1hx7
SKU0239,7,7,1,1,cmlgo8w1z0000zvy5mwo8wc8k | cmnfr2q9u0b93xks32yg0ywqm | cmnqd3kds000jwo0wsq67se2k | cmnqd45qb01auwo0wbxjb20fx | cmnqd4okv02l5wo0wiq5oxilw | cmnr5cl6407shys0pz1pykii8 | cmnsobvxt000q77spq4tb1hx7
SKU0240,7,7,1,1,cmlgo8w1z0000zvy5mwo8wc8k | cmnfr2q9u0b93xks32yg0ywqm | cmnqd3kds000jwo0wsq67se2k | cmnqd45qb01auwo0wbxjb20fx | cmnqd4okv02l5wo0wiq5oxilw | cmnr5cl6407shys0pz1pykii8 | cmnsobvxt000q77spq4tb1hx7
SKU0241,7,7,1,1,cmlgo8w1z0000zvy5mwo8wc8k | cmnfr2q9u0b93xks32yg0ywqm | cmnqd3kds000jwo0wsq67se2k | cmnqd45qb01auwo0wbxjb20fx | cmnqd4okv02l5wo0wiq5oxilw | cmnr5cl6407shys0pz1pykii8 | cmnsobvxt000q77spq4tb1hx7
SKU0242,7,7,1,1,cmlgo8w1z0000zvy5mwo8wc8k | cmnfr2q9u0b93xks32yg0ywqm | cmnqd3kds000jwo0wsq67se2k | cmnqd45qb01auwo0wbxjb20fx | cmnqd4okv02l5wo0wiq5oxilw | cmnr5cl6407shys0pz1pykii8 | cmnsobvxt000q77spq4tb1hx7
SKU0243,7,7,1,1,cmlgo8w1z0000zvy5mwo8wc8k | cmnfr2q9u0b93xks32yg0ywqm | cmnqd3kds000jwo0wsq67se2k | cmnqd45qb01auwo0wbxjb20fx | cmnqd4okv02l5wo0wiq5oxilw | cmnr5cl6407shys0pz1pykii8 | cmnsobvxt000q77spq4tb1hx7
SKU0244,7,7,1,1,cmlgo8w1z0000zvy5mwo8wc8k | cmnfr2q9u0b93xks32yg0ywqm | cmnqd3kds000jwo0wsq67se2k | cmnqd45qb01auwo0wbxjb20fx | cmnqd4okv02l5wo0wiq5oxilw | cmnr5cl6407shys0pz1pykii8 | cmnsobvxt000q77spq4tb1hx7
SKU0245,7,7,1,1,cmlgo8w1z0000zvy5mwo8wc8k | cmnfr2q9u0b93xks32yg0ywqm | cmnqd3kds000jwo0wsq67se2k | cmnqd45qb01auwo0wbxjb20fx | cmnqd4okv02l5wo0wiq5oxilw | cmnr5cl6407shys0pz1pykii8 | cmnsobvxt000q77spq4tb1hx7
SKU0246,7,7,1,1,cmlgo8w1z0000zvy5mwo8wc8k | cmnfr2q9u0b93xks32yg0ywqm | cmnqd3kds000jwo0wsq67se2k | cmnqd45qb01auwo0wbxjb20fx | cmnqd4okv02l5wo0wiq5oxilw | cmnr5cl6407shys0pz1pykii8 | cmnsobvxt000q77spq4tb1hx7
SKU0247,7,7,1,1,cmlgo8w1z0000zvy5mwo8wc8k | cmnfr2q9u0b93xks32yg0ywqm | cmnqd3kds000jwo0wsq67se2k | cmnqd45qb01auwo0wbxjb20fx | cmnqd4okv02l5wo0wiq5oxilw | cmnr5cl6407shys0pz1pykii8 | cmnsobvxt000q77spq4tb1hx7
SKU0248,7,7,1,1,cmlgo8w1z0000zvy5mwo8wc8k | cmnfr2q9u0b93xks32yg0ywqm | cmnqd3kds000jwo0wsq67se2k | cmnqd45qb01auwo0wbxjb20fx | cmnqd4okv02l5wo0wiq5oxilw | cmnr5cl6407shys0pz1pykii8 | cmnsobvxt000q77spq4tb1hx7
SKU0249,7,7,1,1,cmlgo8w1z0000zvy5mwo8wc8k | cmnfr2q9u0b93xks32yg0ywqm | cmnqd3kds000jwo0wsq67se2k | cmnqd45qb01auwo0wbxjb20fx | cmnqd4okv02l5wo0wiq5oxilw | cmnr5cl6407shys0pz1pykii8 | cmnsobvxt000q77spq4tb1hx7
SKU0250,7,7,1,1,cmlgo8w1z0000zvy5mwo8wc8k | cmnfr2q9u0b93xks32yg0ywqm | cmnqd3kds000jwo0wsq67se2k | cmnqd45qb01auwo0wbxjb20fx | cmnqd4okv02l5wo0wiq5oxilw | cmnr5cl6407shys0pz1pykii8 | cmnsobvxt000q77spq4tb1hx7
SKU0251,7,7,1,1,cmlgo8w1z0000zvy5mwo8wc8k | cmnfr2q9u0b93xks32yg0ywqm | cmnqd3kds000jwo0wsq67se2k | cmnqd45qb01auwo0wbxjb20fx | cmnqd4okv02l5wo0wiq5oxilw | cmnr5cl6407shys0pz1pykii8 | cmnsobvxt000q77spq4tb1hx7
SKU0252,7,7,1,1,cmlgo8w1z0000zvy5mwo8wc8k | cmnfr2q9u0b93xks32yg0ywqm | cmnqd3kds000jwo0wsq67se2k | cmnqd45qb01auwo0wbxjb20fx | cmnqd4okv02l5wo0wiq5oxilw | cmnr5cl6407shys0pz1pykii8 | cmnsobvxt000q77spq4tb1hx7
SKU0253,7,7,1,1,cmlgo8w1z0000zvy5mwo8wc8k | cmnfr2q9u0b93xks32yg0ywqm | cmnqd3kds000jwo0wsq67se2k | cmnqd45qb01auwo0wbxjb20fx | cmnqd4okv02l5wo0wiq5oxilw | cmnr5cl6407shys0pz1pykii8 | cmnsobvxt000q77spq4tb1hx7
SKU0254,7,7,1,1,cmlgo8w1z0000zvy5mwo8wc8k | cmnfr2q9u0b93xks32yg0ywqm | cmnqd3kds000jwo0wsq67se2k | cmnqd45qb01auwo0wbxjb20fx | cmnqd4okv02l5wo0wiq5oxilw | cmnr5cl6407shys0pz1pykii8 | cmnsobvxt000q77spq4tb1hx7
SKU0255,7,7,1,1,cmlgo8w1z0000zvy5mwo8wc8k | cmnfr2q9u0b93xks32yg0ywqm | cmnqd3kds000jwo0wsq67se2k | cmnqd45qb01auwo0wbxjb20fx | cmnqd4okv02l5wo0wiq5oxilw | cmnr5cl6407shys0pz1pykii8 | cmnsobvxt000q77spq4tb1hx7
SKU0256,7,7,1,1,cmlgo8w1z0000zvy5mwo8wc8k | cmnfr2q9u0b93xks32yg0ywqm | cmnqd3kds000jwo0wsq67se2k | cmnqd45qb01auwo0wbxjb20fx | cmnqd4okv02l5wo0wiq5oxilw | cmnr5cl6407shys0pz1pykii8 | cmnsobvxt000q77spq4tb1hx7
SKU0257,7,7,1,1,cmlgo8w1z0000zvy5mwo8wc8k | cmnfr2q9u0b93xks32yg0ywqm | cmnqd3kds000jwo0wsq67se2k | cmnqd45qb01auwo0wbxjb20fx | cmnqd4okv02l5wo0wiq5oxilw | cmnr5cl6407shys0pz1pykii8 | cmnsobvxt000q77spq4tb1hx7
SKU0258,7,7,1,1,cmlgo8w1z0000zvy5mwo8wc8k | cmnfr2q9u0b93xks32yg0ywqm | cmnqd3kds000jwo0wsq67se2k | cmnqd45qb01auwo0wbxjb20fx | cmnqd4okv02l5wo0wiq5oxilw | cmnr5cl6407shys0pz1pykii8 | cmnsobvxt000q77spq4tb1hx7
SKU0259,7,7,1,1,cmlgo8w1z0000zvy5mwo8wc8k | cmnfr2q9u0b93xks32yg0ywqm | cmnqd3kds000jwo0wsq67se2k | cmnqd45qb01auwo0wbxjb20fx | cmnqd4okv02l5wo0wiq5oxilw | cmnr5cl6407shys0pz1pykii8 | cmnsobvxt000q77spq4tb1hx7
SKU0260,7,7,1,1,cmlgo8w1z0000zvy5mwo8wc8k | cmnfr2q9u0b93xks32yg0ywqm | cmnqd3kds000jwo0wsq67se2k | cmnqd45qb01auwo0wbxjb20fx | cmnqd4okv02l5wo0wiq5oxilw | cmnr5cl6407shys0pz1pykii8 | cmnsobvxt000q77spq4tb1hx7
SKU0261,7,7,1,1,cmlgo8w1z0000zvy5mwo8wc8k | cmnfr2q9u0b93xks32yg0ywqm | cmnqd3kds000jwo0wsq67se2k | cmnqd45qb01auwo0wbxjb20fx | cmnqd4okv02l5wo0wiq5oxilw | cmnr5cl6407shys0pz1pykii8 | cmnsobvxt000q77spq4tb1hx7
SKU0262,7,7,1,1,cmlgo8w1z0000zvy5mwo8wc8k | cmnfr2q9u0b93xks32yg0ywqm | cmnqd3kds000jwo0wsq67se2k | cmnqd45qb01auwo0wbxjb20fx | cmnqd4okv02l5wo0wiq5oxilw | cmnr5cl6407shys0pz1pykii8 | cmnsobvxt000q77spq4tb1hx7
SKU0263,7,7,1,1,cmlgo8w1z0000zvy5mwo8wc8k | cmnfr2q9u0b93xks32yg0ywqm | cmnqd3kds000jwo0wsq67se2k | cmnqd45qb01auwo0wbxjb20fx | cmnqd4okv02l5wo0wiq5oxilw | cmnr5cl6407shys0pz1pykii8 | cmnsobvxt000q77spq4tb1hx7
SKU0264,7,7,1,1,cmlgo8w1z0000zvy5mwo8wc8k | cmnfr2q9u0b93xks32yg0ywqm | cmnqd3kds000jwo0wsq67se2k | cmnqd45qb01auwo0wbxjb20fx | cmnqd4okv02l5wo0wiq5oxilw | cmnr5cl6407shys0pz1pykii8 | cmnsobvxt000q77spq4tb1hx7
SKU0265,7,7,1,1,cmlgo8w1z0000zvy5mwo8wc8k | cmnfr2q9u0b93xks32yg0ywqm | cmnqd3kds000jwo0wsq67se2k | cmnqd45qb01auwo0wbxjb20fx | cmnqd4okv02l5wo0wiq5oxilw | cmnr5cl6407shys0pz1pykii8 | cmnsobvxt000q77spq4tb1hx7
SKU0266,7,7,1,1,cmlgo8w1z0000zvy5mwo8wc8k | cmnfr2q9u0b93xks32yg0ywqm | cmnqd3kds000jwo0wsq67se2k | cmnqd45qb01auwo0wbxjb20fx | cmnqd4okv02l5wo0wiq5oxilw | cmnr5cl6407shys0pz1pykii8 | cmnsobvxt000q77spq4tb1hx7
SKU0267,7,7,1,1,cmlgo8w1z0000zvy5mwo8wc8k | cmnfr2q9u0b93xks32yg0ywqm | cmnqd3kds000jwo0wsq67se2k | cmnqd45qb01auwo0wbxjb20fx | cmnqd4okv02l5wo0wiq5oxilw | cmnr5cl6407shys0pz1pykii8 | cmnsobvxt000q77spq4tb1hx7
SKU0268,7,7,1,1,cmlgo8w1z0000zvy5mwo8wc8k | cmnfr2q9u0b93xks32yg0ywqm | cmnqd3kds000jwo0wsq67se2k | cmnqd45qb01auwo0wbxjb20fx | cmnqd4okv02l5wo0wiq5oxilw | cmnr5cl6407shys0pz1pykii8 | cmnsobvxt000q77spq4tb1hx7
SKU0269,7,7,1,1,cmlgo8w1z0000zvy5mwo8wc8k | cmnfr2q9u0b93xks32yg0ywqm | cmnqd3kds000jwo0wsq67se2k | cmnqd45qb01auwo0wbxjb20fx | cmnqd4okv02l5wo0wiq5oxilw | cmnr5cl6407shys0pz1pykii8 | cmnsobvxt000q77spq4tb1hx7
SKU0270,7,7,1,1,cmlgo8w1z0000zvy5mwo8wc8k | cmnfr2q9u0b93xks32yg0ywqm | cmnqd3kds000jwo0wsq67se2k | cmnqd45qb01auwo0wbxjb20fx | cmnqd4okv02l5wo0wiq5oxilw | cmnr5cl6407shys0pz1pykii8 | cmnsobvxt000q77spq4tb1hx7
SKU0271,7,7,1,1,cmlgo8w1z0000zvy5mwo8wc8k | cmnfr2q9u0b93xks32yg0ywqm | cmnqd3kds000jwo0wsq67se2k | cmnqd45qb01auwo0wbxjb20fx | cmnqd4okv02l5wo0wiq5oxilw | cmnr5cl6407shys0pz1pykii8 | cmnsobvxt000q77spq4tb1hx7
SKU0272,7,7,1,1,cmlgo8w1z0000zvy5mwo8wc8k | cmnfr2q9u0b93xks32yg0ywqm | cmnqd3kds000jwo0wsq67se2k | cmnqd45qb01auwo0wbxjb20fx | cmnqd4okv02l5wo0wiq5oxilw | cmnr5cl6407shys0pz1pykii8 | cmnsobvxt000q77spq4tb1hx7
SKU0273,7,7,1,1,cmlgo8w1z0000zvy5mwo8wc8k | cmnfr2q9u0b93xks32yg0ywqm | cmnqd3kds000jwo0wsq67se2k | cmnqd45qb01auwo0wbxjb20fx | cmnqd4okv02l5wo0wiq5oxilw | cmnr5cl6407shys0pz1pykii8 | cmnsobvxt000q77spq4tb1hx7
SKU0274,7,7,1,1,cmlgo8w1z0000zvy5mwo8wc8k | cmnfr2q9u0b93xks32yg0ywqm | cmnqd3kds000jwo0wsq67se2k | cmnqd45qb01auwo0wbxjb20fx | cmnqd4okv02l5wo0wiq5oxilw | cmnr5cl6407shys0pz1pykii8 | cmnsobvxt000q77spq4tb1hx7
SKU0275,7,7,1,1,cmlgo8w1z0000zvy5mwo8wc8k | cmnfr2q9u0b93xks32yg0ywqm | cmnqd3kds000jwo0wsq67se2k | cmnqd45qb01auwo0wbxjb20fx | cmnqd4okv02l5wo0wiq5oxilw | cmnr5cl6407shys0pz1pykii8 | cmnsobvxt000q77spq4tb1hx7
SKU0276,7,7,1,1,cmlgo8w1z0000zvy5mwo8wc8k | cmnfr2q9u0b93xks32yg0ywqm | cmnqd3kds000jwo0wsq67se2k | cmnqd45qb01auwo0wbxjb20fx | cmnqd4okv02l5wo0wiq5oxilw | cmnr5cl6407shys0pz1pykii8 | cmnsobvxt000q77spq4tb1hx7
SKU0277,7,7,1,1,cmlgo8w1z0000zvy5mwo8wc8k | cmnfr2q9u0b93xks32yg0ywqm | cmnqd3kds000jwo0wsq67se2k | cmnqd45qb01auwo0wbxjb20fx | cmnqd4okv02l5wo0wiq5oxilw | cmnr5cl6407shys0pz1pykii8 | cmnsobvxt000q77spq4tb1hx7
SKU0278,7,7,1,1,cmlgo8w1z0000zvy5mwo8wc8k | cmnfr2q9u0b93xks32yg0ywqm | cmnqd3kds000jwo0wsq67se2k | cmnqd45qb01auwo0wbxjb20fx | cmnqd4okv02l5wo0wiq5oxilw | cmnr5cl6407shys0pz1pykii8 | cmnsobvxt000q77spq4tb1hx7
SKU0279,7,7,1,1,cmlgo8w1z0000zvy5mwo8wc8k | cmnfr2q9u0b93xks32yg0ywqm | cmnqd3kds000jwo0wsq67se2k | cmnqd45qb01auwo0wbxjb20fx | cmnqd4okv02l5wo0wiq5oxilw | cmnr5cl6407shys0pz1pykii8 | cmnsobvxt000q77spq4tb1hx7
SKU0280,7,7,1,1,cmlgo8w1z0000zvy5mwo8wc8k | cmnfr2q9u0b93xks32yg0ywqm | cmnqd3kds000jwo0wsq67se2k | cmnqd45qb01auwo0wbxjb20fx | cmnqd4okv02l5wo0wiq5oxilw | cmnr5cl6407shys0pz1pykii8 | cmnsobvxt000q77spq4tb1hx7
SKU0281,7,7,1,1,cmlgo8w1z0000zvy5mwo8wc8k | cmnfr2q9u0b93xks32yg0ywqm | cmnqd3kds000jwo0wsq67se2k | cmnqd45qb01auwo0wbxjb20fx | cmnqd4okv02l5wo0wiq5oxilw | cmnr5cl6407shys0pz1pykii8 | cmnsobvxt000q77spq4tb1hx7
SKU0282,7,7,1,1,cmlgo8w1z0000zvy5mwo8wc8k | cmnfr2q9u0b93xks32yg0ywqm | cmnqd3kds000jwo0wsq67se2k | cmnqd45qb01auwo0wbxjb20fx | cmnqd4okv02l5wo0wiq5oxilw | cmnr5cl6407shys0pz1pykii8 | cmnsobvxt000q77spq4tb1hx7
SKU0283,7,7,1,1,cmlgo8w1z0000zvy5mwo8wc8k | cmnfr2q9u0b93xks32yg0ywqm | cmnqd3kds000jwo0wsq67se2k | cmnqd45qb01auwo0wbxjb20fx | cmnqd4okv02l5wo0wiq5oxilw | cmnr5cl6407shys0pz1pykii8 | cmnsobvxt000q77spq4tb1hx7
SKU0284,7,7,1,1,cmlgo8w1z0000zvy5mwo8wc8k | cmnfr2q9u0b93xks32yg0ywqm | cmnqd3kds000jwo0wsq67se2k | cmnqd45qb01auwo0wbxjb20fx | cmnqd4okv02l5wo0wiq5oxilw | cmnr5cl6407shys0pz1pykii8 | cmnsobvxt000q77spq4tb1hx7
SKU0285,7,7,1,1,cmlgo8w1z0000zvy5mwo8wc8k | cmnfr2q9u0b93xks32yg0ywqm | cmnqd3kds000jwo0wsq67se2k | cmnqd45qb01auwo0wbxjb20fx | cmnqd4okv02l5wo0wiq5oxilw | cmnr5cl6407shys0pz1pykii8 | cmnsobvxt000q77spq4tb1hx7
SKU0286,7,7,1,1,cmlgo8w1z0000zvy5mwo8wc8k | cmnfr2q9u0b93xks32yg0ywqm | cmnqd3kds000jwo0wsq67se2k | cmnqd45qb01auwo0wbxjb20fx | cmnqd4okv02l5wo0wiq5oxilw | cmnr5cl6407shys0pz1pykii8 | cmnsobvxt000q77spq4tb1hx7
SKU0287,7,7,1,1,cmlgo8w1z0000zvy5mwo8wc8k | cmnfr2q9u0b93xks32yg0ywqm | cmnqd3kds000jwo0wsq67se2k | cmnqd45qb01auwo0wbxjb20fx | cmnqd4okv02l5wo0wiq5oxilw | cmnr5cl6407shys0pz1pykii8 | cmnsobvxt000q77spq4tb1hx7
SKU0288,7,7,1,1,cmlgo8w1z0000zvy5mwo8wc8k | cmnfr2q9u0b93xks32yg0ywqm | cmnqd3kds000jwo0wsq67se2k | cmnqd45qb01auwo0wbxjb20fx | cmnqd4okv02l5wo0wiq5oxilw | cmnr5cl6407shys0pz1pykii8 | cmnsobvxt000q77spq4tb1hx7
SKU0289,7,7,1,1,cmlgo8w1z0000zvy5mwo8wc8k | cmnfr2q9u0b93xks32yg0ywqm | cmnqd3kds000jwo0wsq67se2k | cmnqd45qb01auwo0wbxjb20fx | cmnqd4okv02l5wo0wiq5oxilw | cmnr5cl6407shys0pz1pykii8 | cmnsobvxt000q77spq4tb1hx7
SKU0290,7,7,1,1,cmlgo8w1z0000zvy5mwo8wc8k | cmnfr2q9u0b93xks32yg0ywqm | cmnqd3kds000jwo0wsq67se2k | cmnqd45qb01auwo0wbxjb20fx | cmnqd4okv02l5wo0wiq5oxilw | cmnr5cl6407shys0pz1pykii8 | cmnsobvxt000q77spq4tb1hx7
SKU0291,7,7,1,1,cmlgo8w1z0000zvy5mwo8wc8k | cmnfr2q9u0b93xks32yg0ywqm | cmnqd3kds000jwo0wsq67se2k | cmnqd45qb01auwo0wbxjb20fx | cmnqd4okv02l5wo0wiq5oxilw | cmnr5cl6407shys0pz1pykii8 | cmnsobvxt000q77spq4tb1hx7
SKU0292,7,7,1,1,cmlgo8w1z0000zvy5mwo8wc8k | cmnfr2q9u0b93xks32yg0ywqm | cmnqd3kds000jwo0wsq67se2k | cmnqd45qb01auwo0wbxjb20fx | cmnqd4okv02l5wo0wiq5oxilw | cmnr5cl6407shys0pz1pykii8 | cmnsobvxt000q77spq4tb1hx7
SKU0293,7,7,1,1,cmlgo8w1z0000zvy5mwo8wc8k | cmnfr2q9u0b93xks32yg0ywqm | cmnqd3kds000jwo0wsq67se2k | cmnqd45qb01auwo0wbxjb20fx | cmnqd4okv02l5wo0wiq5oxilw | cmnr5cl6407shys0pz1pykii8 | cmnsobvxt000q77spq4tb1hx7
SKU0294,7,7,1,1,cmlgo8w1z0000zvy5mwo8wc8k | cmnfr2q9u0b93xks32yg0ywqm | cmnqd3kds000jwo0wsq67se2k | cmnqd45qb01auwo0wbxjb20fx | cmnqd4okv02l5wo0wiq5oxilw | cmnr5cl6407shys0pz1pykii8 | cmnsobvxt000q77spq4tb1hx7
SKU0295,7,7,1,1,cmlgo8w1z0000zvy5mwo8wc8k | cmnfr2q9u0b93xks32yg0ywqm | cmnqd3kds000jwo0wsq67se2k | cmnqd45qb01auwo0wbxjb20fx | cmnqd4okv02l5wo0wiq5oxilw | cmnr5cl6407shys0pz1pykii8 | cmnsobvxt000q77spq4tb1hx7
SKU0296,7,7,1,1,cmlgo8w1z0000zvy5mwo8wc8k | cmnfr2q9u0b93xks32yg0ywqm | cmnqd3kds000jwo0wsq67se2k | cmnqd45qb01auwo0wbxjb20fx | cmnqd4okv02l5wo0wiq5oxilw | cmnr5cl6407shys0pz1pykii8 | cmnsobvxt000q77spq4tb1hx7
SKU0297,7,7,1,1,cmlgo8w1z0000zvy5mwo8wc8k | cmnfr2q9u0b93xks32yg0ywqm | cmnqd3kds000jwo0wsq67se2k | cmnqd45qb01auwo0wbxjb20fx | cmnqd4okv02l5wo0wiq5oxilw | cmnr5cl6407shys0pz1pykii8 | cmnsobvxt000q77spq4tb1hx7
SKU0298,7,7,1,1,cmlgo8w1z0000zvy5mwo8wc8k | cmnfr2q9u0b93xks32yg0ywqm | cmnqd3kds000jwo0wsq67se2k | cmnqd45qb01auwo0wbxjb20fx | cmnqd4okv02l5wo0wiq5oxilw | cmnr5cl6407shys0pz1pykii8 | cmnsobvxt000q77spq4tb1hx7
SKU0299,7,7,1,1,cmlgo8w1z0000zvy5mwo8wc8k | cmnfr2q9u0b93xks32yg0ywqm | cmnqd3kds000jwo0wsq67se2k | cmnqd45qb01auwo0wbxjb20fx | cmnqd4okv02l5wo0wiq5oxilw | cmnr5cl6407shys0pz1pykii8 | cmnsobvxt000q77spq4tb1hx7
SKU0300,7,7,1,1,cmlgo8w1z0000zvy5mwo8wc8k | cmnfr2q9u0b93xks32yg0ywqm | cmnqd3kds000jwo0wsq67se2k | cmnqd45qb01auwo0wbxjb20fx | cmnqd4okv02l5wo0wiq5oxilw | cmnr5cl6407shys0pz1pykii8 | cmnsobvxt000q77spq4tb1hx7
SKU0301,7,7,1,1,cmlgo8w1z0000zvy5mwo8wc8k | cmnfr2q9u0b93xks32yg0ywqm | cmnqd3kds000jwo0wsq67se2k | cmnqd45qb01auwo0wbxjb20fx | cmnqd4okv02l5wo0wiq5oxilw | cmnr5cl6407shys0pz1pykii8 | cmnsobvxt000q77spq4tb1hx7
SKU0302,7,7,1,1,cmlgo8w1z0000zvy5mwo8wc8k | cmnfr2q9u0b93xks32yg0ywqm | cmnqd3kds000jwo0wsq67se2k | cmnqd45qb01auwo0wbxjb20fx | cmnqd4okv02l5wo0wiq5oxilw | cmnr5cl6407shys0pz1pykii8 | cmnsobvxt000q77spq4tb1hx7
SKU0303,7,7,1,1,cmlgo8w1z0000zvy5mwo8wc8k | cmnfr2q9u0b93xks32yg0ywqm | cmnqd3kds000jwo0wsq67se2k | cmnqd45qb01auwo0wbxjb20fx | cmnqd4okv02l5wo0wiq5oxilw | cmnr5cl6407shys0pz1pykii8 | cmnsobvxt000q77spq4tb1hx7
SKU0304,7,7,1,1,cmlgo8w1z0000zvy5mwo8wc8k | cmnfr2q9u0b93xks32yg0ywqm | cmnqd3kds000jwo0wsq67se2k | cmnqd45qb01auwo0wbxjb20fx | cmnqd4okv02l5wo0wiq5oxilw | cmnr5cl6407shys0pz1pykii8 | cmnsobvxt000q77spq4tb1hx7
SKU0305,7,7,1,1,cmlgo8w1z0000zvy5mwo8wc8k | cmnfr2q9u0b93xks32yg0ywqm | cmnqd3kds000jwo0wsq67se2k | cmnqd45qb01auwo0wbxjb20fx | cmnqd4okv02l5wo0wiq5oxilw | cmnr5cl6407shys0pz1pykii8 | cmnsobvxt000q77spq4tb1hx7
SKU0306,7,7,1,1,cmlgo8w1z0000zvy5mwo8wc8k | cmnfr2q9u0b93xks32yg0ywqm | cmnqd3kds000jwo0wsq67se2k | cmnqd45qb01auwo0wbxjb20fx | cmnqd4okv02l5wo0wiq5oxilw | cmnr5cl6407shys0pz1pykii8 | cmnsobvxt000q77spq4tb1hx7
SKU0307,7,7,1,1,cmlgo8w1z0000zvy5mwo8wc8k | cmnfr2q9u0b93xks32yg0ywqm | cmnqd3kds000jwo0wsq67se2k | cmnqd45qb01auwo0wbxjb20fx | cmnqd4okv02l5wo0wiq5oxilw | cmnr5cl6407shys0pz1pykii8 | cmnsobvxt000q77spq4tb1hx7
SKU0308,7,7,1,1,cmlgo8w1z0000zvy5mwo8wc8k | cmnfr2q9u0b93xks32yg0ywqm | cmnqd3kds000jwo0wsq67se2k | cmnqd45qb01auwo0wbxjb20fx | cmnqd4okv02l5wo0wiq5oxilw | cmnr5cl6407shys0pz1pykii8 | cmnsobvxt000q77spq4tb1hx7
SKU0309,7,7,1,1,cmlgo8w1z0000zvy5mwo8wc8k | cmnfr2q9u0b93xks32yg0ywqm | cmnqd3kds000jwo0wsq67se2k | cmnqd45qb01auwo0wbxjb20fx | cmnqd4okv02l5wo0wiq5oxilw | cmnr5cl6407shys0pz1pykii8 | cmnsobvxt000q77spq4tb1hx7
SKU0310,7,7,1,1,cmlgo8w1z0000zvy5mwo8wc8k | cmnfr2q9u0b93xks32yg0ywqm | cmnqd3kds000jwo0wsq67se2k | cmnqd45qb01auwo0wbxjb20fx | cmnqd4okv02l5wo0wiq5oxilw | cmnr5cl6407shys0pz1pykii8 | cmnsobvxt000q77spq4tb1hx7
SKU0311,7,7,1,1,cmlgo8w1z0000zvy5mwo8wc8k | cmnfr2q9u0b93xks32yg0ywqm | cmnqd3kds000jwo0wsq67se2k | cmnqd45qb01auwo0wbxjb20fx | cmnqd4okv02l5wo0wiq5oxilw | cmnr5cl6407shys0pz1pykii8 | cmnsobvxt000q77spq4tb1hx7
SKU0312,7,7,1,1,cmlgo8w1z0000zvy5mwo8wc8k | cmnfr2q9u0b93xks32yg0ywqm | cmnqd3kds000jwo0wsq67se2k | cmnqd45qb01auwo0wbxjb20fx | cmnqd4okv02l5wo0wiq5oxilw | cmnr5cl6407shys0pz1pykii8 | cmnsobvxt000q77spq4tb1hx7
SKU0313,7,7,1,1,cmlgo8w1z0000zvy5mwo8wc8k | cmnfr2q9u0b93xks32yg0ywqm | cmnqd3kds000jwo0wsq67se2k | cmnqd45qb01auwo0wbxjb20fx | cmnqd4okv02l5wo0wiq5oxilw | cmnr5cl6407shys0pz1pykii8 | cmnsobvxt000q77spq4tb1hx7
SKU0314,7,7,1,1,cmlgo8w1z0000zvy5mwo8wc8k | cmnfr2q9u0b93xks32yg0ywqm | cmnqd3kds000jwo0wsq67se2k | cmnqd45qb01auwo0wbxjb20fx | cmnqd4okv02l5wo0wiq5oxilw | cmnr5cl6407shys0pz1pykii8 | cmnsobvxt000q77spq4tb1hx7
SKU0315,7,7,1,1,cmlgo8w1z0000zvy5mwo8wc8k | cmnfr2q9u0b93xks32yg0ywqm | cmnqd3kds000jwo0wsq67se2k | cmnqd45qb01auwo0wbxjb20fx | cmnqd4okv02l5wo0wiq5oxilw | cmnr5cl6407shys0pz1pykii8 | cmnsobvxt000q77spq4tb1hx7
SKU0316,7,7,1,1,cmlgo8w1z0000zvy5mwo8wc8k | cmnfr2q9u0b93xks32yg0ywqm | cmnqd3kds000jwo0wsq67se2k | cmnqd45qb01auwo0wbxjb20fx | cmnqd4okv02l5wo0wiq5oxilw | cmnr5cl6407shys0pz1pykii8 | cmnsobvxt000q77spq4tb1hx7
SKU0317,7,7,1,1,cmlgo8w1z0000zvy5mwo8wc8k | cmnfr2q9u0b93xks32yg0ywqm | cmnqd3kds000jwo0wsq67se2k | cmnqd45qb01auwo0wbxjb20fx | cmnqd4okv02l5wo0wiq5oxilw | cmnr5cl6407shys0pz1pykii8 | cmnsobvxt000q77spq4tb1hx7
SKU0318,7,7,1,1,cmlgo8w1z0000zvy5mwo8wc8k | cmnfr2q9u0b93xks32yg0ywqm | cmnqd3kds000jwo0wsq67se2k | cmnqd45qb01auwo0wbxjb20fx | cmnqd4okv02l5wo0wiq5oxilw | cmnr5cl6407shys0pz1pykii8 | cmnsobvxt000q77spq4tb1hx7
SKU0319,7,7,1,1,cmlgo8w1z0000zvy5mwo8wc8k | cmnfr2q9u0b93xks32yg0ywqm | cmnqd3kds000jwo0wsq67se2k | cmnqd45qb01auwo0wbxjb20fx | cmnqd4okv02l5wo0wiq5oxilw | cmnr5cl6407shys0pz1pykii8 | cmnsobvxt000q77spq4tb1hx7
SKU0320,7,7,1,1,cmlgo8w1z0000zvy5mwo8wc8k | cmnfr2q9u0b93xks32yg0ywqm | cmnqd3kds000jwo0wsq67se2k | cmnqd45qb01auwo0wbxjb20fx | cmnqd4okv02l5wo0wiq5oxilw | cmnr5cl6407shys0pz1pykii8 | cmnsobvxt000q77spq4tb1hx7
SKU0321,7,7,1,1,cmlgo8w1z0000zvy5mwo8wc8k | cmnfr2q9u0b93xks32yg0ywqm | cmnqd3kds000jwo0wsq67se2k | cmnqd45qb01auwo0wbxjb20fx | cmnqd4okv02l5wo0wiq5oxilw | cmnr5cl6407shys0pz1pykii8 | cmnsobvxt000q77spq4tb1hx7
SKU0322,7,7,1,1,cmlgo8w1z0000zvy5mwo8wc8k | cmnfr2q9u0b93xks32yg0ywqm | cmnqd3kds000jwo0wsq67se2k | cmnqd45qb01auwo0wbxjb20fx | cmnqd4okv02l5wo0wiq5oxilw | cmnr5cl6407shys0pz1pykii8 | cmnsobvxt000q77spq4tb1hx7
SKU0323,7,7,1,1,cmlgo8w1z0000zvy5mwo8wc8k | cmnfr2q9u0b93xks32yg0ywqm | cmnqd3kds000jwo0wsq67se2k | cmnqd45qb01auwo0wbxjb20fx | cmnqd4okv02l5wo0wiq5oxilw | cmnr5cl6407shys0pz1pykii8 | cmnsobvxt000q77spq4tb1hx7
SKU0324,7,7,1,1,cmlgo8w1z0000zvy5mwo8wc8k | cmnfr2q9u0b93xks32yg0ywqm | cmnqd3kds000jwo0wsq67se2k | cmnqd45qb01auwo0wbxjb20fx | cmnqd4okv02l5wo0wiq5oxilw | cmnr5cl6407shys0pz1pykii8 | cmnsobvxt000q77spq4tb1hx7
SKU0325,7,7,1,1,cmlgo8w1z0000zvy5mwo8wc8k | cmnfr2q9u0b93xks32yg0ywqm | cmnqd3kds000jwo0wsq67se2k | cmnqd45qb01auwo0wbxjb20fx | cmnqd4okv02l5wo0wiq5oxilw | cmnr5cl6407shys0pz1pykii8 | cmnsobvxt000q77spq4tb1hx7
SKU0326,7,7,1,1,cmlgo8w1z0000zvy5mwo8wc8k | cmnfr2q9u0b93xks32yg0ywqm | cmnqd3kds000jwo0wsq67se2k | cmnqd45qb01auwo0wbxjb20fx | cmnqd4okv02l5wo0wiq5oxilw | cmnr5cl6407shys0pz1pykii8 | cmnsobvxt000q77spq4tb1hx7
SKU0327,7,7,1,1,cmlgo8w1z0000zvy5mwo8wc8k | cmnfr2q9u0b93xks32yg0ywqm | cmnqd3kds000jwo0wsq67se2k | cmnqd45qb01auwo0wbxjb20fx | cmnqd4okv02l5wo0wiq5oxilw | cmnr5cl6407shys0pz1pykii8 | cmnsobvxt000q77spq4tb1hx7
SKU0328,7,7,1,1,cmlgo8w1z0000zvy5mwo8wc8k | cmnfr2q9u0b93xks32yg0ywqm | cmnqd3kds000jwo0wsq67se2k | cmnqd45qb01auwo0wbxjb20fx | cmnqd4okv02l5wo0wiq5oxilw | cmnr5cl6407shys0pz1pykii8 | cmnsobvxt000q77spq4tb1hx7
SKU0329,7,7,1,1,cmlgo8w1z0000zvy5mwo8wc8k | cmnfr2q9u0b93xks32yg0ywqm | cmnqd3kds000jwo0wsq67se2k | cmnqd45qb01auwo0wbxjb20fx | cmnqd4okv02l5wo0wiq5oxilw | cmnr5cl6407shys0pz1pykii8 | cmnsobvxt000q77spq4tb1hx7
SKU0330,7,7,1,1,cmlgo8w1z0000zvy5mwo8wc8k | cmnfr2q9u0b93xks32yg0ywqm | cmnqd3kds000jwo0wsq67se2k | cmnqd45qb01auwo0wbxjb20fx | cmnqd4okv02l5wo0wiq5oxilw | cmnr5cl6407shys0pz1pykii8 | cmnsobvxt000q77spq4tb1hx7
SKU0331,7,7,1,1,cmlgo8w1z0000zvy5mwo8wc8k | cmnfr2q9u0b93xks32yg0ywqm | cmnqd3kds000jwo0wsq67se2k | cmnqd45qb01auwo0wbxjb20fx | cmnqd4okv02l5wo0wiq5oxilw | cmnr5cl6407shys0pz1pykii8 | cmnsobvxt000q77spq4tb1hx7
SKU0332,7,7,1,1,cmlgo8w1z0000zvy5mwo8wc8k | cmnfr2q9u0b93xks32yg0ywqm | cmnqd3kds000jwo0wsq67se2k | cmnqd45qb01auwo0wbxjb20fx | cmnqd4okv02l5wo0wiq5oxilw | cmnr5cl6407shys0pz1pykii8 | cmnsobvxt000q77spq4tb1hx7
SKU0333,7,7,1,1,cmlgo8w1z0000zvy5mwo8wc8k | cmnfr2q9u0b93xks32yg0ywqm | cmnqd3kds000jwo0wsq67se2k | cmnqd45qb01auwo0wbxjb20fx | cmnqd4okv02l5wo0wiq5oxilw | cmnr5cl6407shys0pz1pykii8 | cmnsobvxt000q77spq4tb1hx7
SKU0334,7,7,1,1,cmlgo8w1z0000zvy5mwo8wc8k | cmnfr2q9u0b93xks32yg0ywqm | cmnqd3kds000jwo0wsq67se2k | cmnqd45qb01auwo0wbxjb20fx | cmnqd4okv02l5wo0wiq5oxilw | cmnr5cl6407shys0pz1pykii8 | cmnsobvxt000q77spq4tb1hx7
SKU0335,7,7,1,1,cmlgo8w1z0000zvy5mwo8wc8k | cmnfr2q9u0b93xks32yg0ywqm | cmnqd3kds000jwo0wsq67se2k | cmnqd45qb01auwo0wbxjb20fx | cmnqd4okv02l5wo0wiq5oxilw | cmnr5cl6407shys0pz1pykii8 | cmnsobvxt000q77spq4tb1hx7
SKU0336,7,7,1,1,cmlgo8w1z0000zvy5mwo8wc8k | cmnfr2q9u0b93xks32yg0ywqm | cmnqd3kds000jwo0wsq67se2k | cmnqd45qb01auwo0wbxjb20fx | cmnqd4okv02l5wo0wiq5oxilw | cmnr5cl6407shys0pz1pykii8 | cmnsobvxt000q77spq4tb1hx7
SKU0337,7,7,1,1,cmlgo8w1z0000zvy5mwo8wc8k | cmnfr2q9u0b93xks32yg0ywqm | cmnqd3kds000jwo0wsq67se2k | cmnqd45qb01auwo0wbxjb20fx | cmnqd4okv02l5wo0wiq5oxilw | cmnr5cl6407shys0pz1pykii8 | cmnsobvxt000q77spq4tb1hx7
SKU0338,7,7,1,1,cmlgo8w1z0000zvy5mwo8wc8k | cmnfr2q9u0b93xks32yg0ywqm | cmnqd3kds000jwo0wsq67se2k | cmnqd45qb01auwo0wbxjb20fx | cmnqd4okv02l5wo0wiq5oxilw | cmnr5cl6407shys0pz1pykii8 | cmnsobvxt000q77spq4tb1hx7
SKU0339,7,7,1,1,cmlgo8w1z0000zvy5mwo8wc8k | cmnfr2q9u0b93xks32yg0ywqm | cmnqd3kds000jwo0wsq67se2k | cmnqd45qb01auwo0wbxjb20fx | cmnqd4okv02l5wo0wiq5oxilw | cmnr5cl6407shys0pz1pykii8 | cmnsobvxt000q77spq4tb1hx7
SKU0340,7,7,1,1,cmlgo8w1z0000zvy5mwo8wc8k | cmnfr2q9u0b93xks32yg0ywqm | cmnqd3kds000jwo0wsq67se2k | cmnqd45qb01auwo0wbxjb20fx | cmnqd4okv02l5wo0wiq5oxilw | cmnr5cl6407shys0pz1pykii8 | cmnsobvxt000q77spq4tb1hx7
SKU0341,7,7,1,1,cmlgo8w1z0000zvy5mwo8wc8k | cmnfr2q9u0b93xks32yg0ywqm | cmnqd3kds000jwo0wsq67se2k | cmnqd45qb01auwo0wbxjb20fx | cmnqd4okv02l5wo0wiq5oxilw | cmnr5cl6407shys0pz1pykii8 | cmnsobvxt000q77spq4tb1hx7
SKU0342,7,7,1,1,cmlgo8w1z0000zvy5mwo8wc8k | cmnfr2q9u0b93xks32yg0ywqm | cmnqd3kds000jwo0wsq67se2k | cmnqd45qb01auwo0wbxjb20fx | cmnqd4okv02l5wo0wiq5oxilw | cmnr5cl6407shys0pz1pykii8 | cmnsobvxt000q77spq4tb1hx7
SKU0343,7,7,1,1,cmlgo8w1z0000zvy5mwo8wc8k | cmnfr2q9u0b93xks32yg0ywqm | cmnqd3kds000jwo0wsq67se2k | cmnqd45qb01auwo0wbxjb20fx | cmnqd4okv02l5wo0wiq5oxilw | cmnr5cl6407shys0pz1pykii8 | cmnsobvxt000q77spq4tb1hx7
SKU0344,7,7,1,1,cmlgo8w1z0000zvy5mwo8wc8k | cmnfr2q9u0b93xks32yg0ywqm | cmnqd3kds000jwo0wsq67se2k | cmnqd45qb01auwo0wbxjb20fx | cmnqd4okv02l5wo0wiq5oxilw | cmnr5cl6407shys0pz1pykii8 | cmnsobvxt000q77spq4tb1hx7
SKU0345,7,7,1,1,cmlgo8w1z0000zvy5mwo8wc8k | cmnfr2q9u0b93xks32yg0ywqm | cmnqd3kds000jwo0wsq67se2k | cmnqd45qb01auwo0wbxjb20fx | cmnqd4okv02l5wo0wiq5oxilw | cmnr5cl6407shys0pz1pykii8 | cmnsobvxt000q77spq4tb1hx7
SKU0346,7,7,1,1,cmlgo8w1z0000zvy5mwo8wc8k | cmnfr2q9u0b93xks32yg0ywqm | cmnqd3kds000jwo0wsq67se2k | cmnqd45qb01auwo0wbxjb20fx | cmnqd4okv02l5wo0wiq5oxilw | cmnr5cl6407shys0pz1pykii8 | cmnsobvxt000q77spq4tb1hx7
SKU0347,7,7,1,1,cmlgo8w1z0000zvy5mwo8wc8k | cmnfr2q9u0b93xks32yg0ywqm | cmnqd3kds000jwo0wsq67se2k | cmnqd45qb01auwo0wbxjb20fx | cmnqd4okv02l5wo0wiq5oxilw | cmnr5cl6407shys0pz1pykii8 | cmnsobvxt000q77spq4tb1hx7
SKU0348,7,7,1,1,cmlgo8w1z0000zvy5mwo8wc8k | cmnfr2q9u0b93xks32yg0ywqm | cmnqd3kds000jwo0wsq67se2k | cmnqd45qb01auwo0wbxjb20fx | cmnqd4okv02l5wo0wiq5oxilw | cmnr5cl6407shys0pz1pykii8 | cmnsobvxt000q77spq4tb1hx7
SKU0349,7,7,1,1,cmlgo8w1z0000zvy5mwo8wc8k | cmnfr2q9u0b93xks32yg0ywqm | cmnqd3kds000jwo0wsq67se2k | cmnqd45qb01auwo0wbxjb20fx | cmnqd4okv02l5wo0wiq5oxilw | cmnr5cl6407shys0pz1pykii8 | cmnsobvxt000q77spq4tb1hx7
SKU0350,7,7,1,1,cmlgo8w1z0000zvy5mwo8wc8k | cmnfr2q9u0b93xks32yg0ywqm | cmnqd3kds000jwo0wsq67se2k | cmnqd45qb01auwo0wbxjb20fx | cmnqd4okv02l5wo0wiq5oxilw | cmnr5cl6407shys0pz1pykii8 | cmnsobvxt000q77spq4tb1hx7
SKU0351,7,7,1,1,cmlgo8w1z0000zvy5mwo8wc8k | cmnfr2q9u0b93xks32yg0ywqm | cmnqd3kds000jwo0wsq67se2k | cmnqd45qb01auwo0wbxjb20fx | cmnqd4okv02l5wo0wiq5oxilw | cmnr5cl6407shys0pz1pykii8 | cmnsobvxt000q77spq4tb1hx7
SKU0352,7,7,1,1,cmlgo8w1z0000zvy5mwo8wc8k | cmnfr2q9u0b93xks32yg0ywqm | cmnqd3kds000jwo0wsq67se2k | cmnqd45qb01auwo0wbxjb20fx | cmnqd4okv02l5wo0wiq5oxilw | cmnr5cl6407shys0pz1pykii8 | cmnsobvxt000q77spq4tb1hx7
SKU0353,7,7,1,1,cmlgo8w1z0000zvy5mwo8wc8k | cmnfr2q9u0b93xks32yg0ywqm | cmnqd3kds000jwo0wsq67se2k | cmnqd45qb01auwo0wbxjb20fx | cmnqd4okv02l5wo0wiq5oxilw | cmnr5cl6407shys0pz1pykii8 | cmnsobvxt000q77spq4tb1hx7
SKU0354,7,7,1,1,cmlgo8w1z0000zvy5mwo8wc8k | cmnfr2q9u0b93xks32yg0ywqm | cmnqd3kds000jwo0wsq67se2k | cmnqd45qb01auwo0wbxjb20fx | cmnqd4okv02l5wo0wiq5oxilw | cmnr5cl6407shys0pz1pykii8 | cmnsobvxt000q77spq4tb1hx7
SKU0355,7,7,1,1,cmlgo8w1z0000zvy5mwo8wc8k | cmnfr2q9u0b93xks32yg0ywqm | cmnqd3kds000jwo0wsq67se2k | cmnqd45qb01auwo0wbxjb20fx | cmnqd4okv02l5wo0wiq5oxilw | cmnr5cl6407shys0pz1pykii8 | cmnsobvxt000q77spq4tb1hx7
SKU0356,7,7,1,1,cmlgo8w1z0000zvy5mwo8wc8k | cmnfr2q9u0b93xks32yg0ywqm | cmnqd3kds000jwo0wsq67se2k | cmnqd45qb01auwo0wbxjb20fx | cmnqd4okv02l5wo0wiq5oxilw | cmnr5cl6407shys0pz1pykii8 | cmnsobvxt000q77spq4tb1hx7
SKU0357,7,7,1,1,cmlgo8w1z0000zvy5mwo8wc8k | cmnfr2q9u0b93xks32yg0ywqm | cmnqd3kds000jwo0wsq67se2k | cmnqd45qb01auwo0wbxjb20fx | cmnqd4okv02l5wo0wiq5oxilw | cmnr5cl6407shys0pz1pykii8 | cmnsobvxt000q77spq4tb1hx7
SKU0358,7,7,1,1,cmlgo8w1z0000zvy5mwo8wc8k | cmnfr2q9u0b93xks32yg0ywqm | cmnqd3kds000jwo0wsq67se2k | cmnqd45qb01auwo0wbxjb20fx | cmnqd4okv02l5wo0wiq5oxilw | cmnr5cl6407shys0pz1pykii8 | cmnsobvxt000q77spq4tb1hx7
SKU0359,7,7,1,1,cmlgo8w1z0000zvy5mwo8wc8k | cmnfr2q9u0b93xks32yg0ywqm | cmnqd3kds000jwo0wsq67se2k | cmnqd45qb01auwo0wbxjb20fx | cmnqd4okv02l5wo0wiq5oxilw | cmnr5cl6407shys0pz1pykii8 | cmnsobvxt000q77spq4tb1hx7
SKU0360,7,7,1,1,cmlgo8w1z0000zvy5mwo8wc8k | cmnfr2q9u0b93xks32yg0ywqm | cmnqd3kds000jwo0wsq67se2k | cmnqd45qb01auwo0wbxjb20fx | cmnqd4okv02l5wo0wiq5oxilw | cmnr5cl6407shys0pz1pykii8 | cmnsobvxt000q77spq4tb1hx7
SKU0361,7,7,1,1,cmlgo8w1z0000zvy5mwo8wc8k | cmnfr2q9u0b93xks32yg0ywqm | cmnqd3kds000jwo0wsq67se2k | cmnqd45qb01auwo0wbxjb20fx | cmnqd4okv02l5wo0wiq5oxilw | cmnr5cl6407shys0pz1pykii8 | cmnsobvxt000q77spq4tb1hx7
SKU0362,7,7,1,1,cmlgo8w1z0000zvy5mwo8wc8k | cmnfr2q9u0b93xks32yg0ywqm | cmnqd3kds000jwo0wsq67se2k | cmnqd45qb01auwo0wbxjb20fx | cmnqd4okv02l5wo0wiq5oxilw | cmnr5cl6407shys0pz1pykii8 | cmnsobvxt000q77spq4tb1hx7
SKU0363,7,7,1,1,cmlgo8w1z0000zvy5mwo8wc8k | cmnfr2q9u0b93xks32yg0ywqm | cmnqd3kds000jwo0wsq67se2k | cmnqd45qb01auwo0wbxjb20fx | cmnqd4okv02l5wo0wiq5oxilw | cmnr5cl6407shys0pz1pykii8 | cmnsobvxt000q77spq4tb1hx7
SKU0364,7,7,1,1,cmlgo8w1z0000zvy5mwo8wc8k | cmnfr2q9u0b93xks32yg0ywqm | cmnqd3kds000jwo0wsq67se2k | cmnqd45qb01auwo0wbxjb20fx | cmnqd4okv02l5wo0wiq5oxilw | cmnr5cl6407shys0pz1pykii8 | cmnsobvxt000q77spq4tb1hx7
SKU0365,7,7,1,1,cmlgo8w1z0000zvy5mwo8wc8k | cmnfr2q9u0b93xks32yg0ywqm | cmnqd3kds000jwo0wsq67se2k | cmnqd45qb01auwo0wbxjb20fx | cmnqd4okv02l5wo0wiq5oxilw | cmnr5cl6407shys0pz1pykii8 | cmnsobvxt000q77spq4tb1hx7
SKU0366,7,7,1,1,cmlgo8w1z0000zvy5mwo8wc8k | cmnfr2q9u0b93xks32yg0ywqm | cmnqd3kds000jwo0wsq67se2k | cmnqd45qb01auwo0wbxjb20fx | cmnqd4okv02l5wo0wiq5oxilw | cmnr5cl6407shys0pz1pykii8 | cmnsobvxt000q77spq4tb1hx7
SKU0367,7,7,1,1,cmlgo8w1z0000zvy5mwo8wc8k | cmnfr2q9u0b93xks32yg0ywqm | cmnqd3kds000jwo0wsq67se2k | cmnqd45qb01auwo0wbxjb20fx | cmnqd4okv02l5wo0wiq5oxilw | cmnr5cl6407shys0pz1pykii8 | cmnsobvxt000q77spq4tb1hx7
SKU0368,7,7,1,1,cmlgo8w1z0000zvy5mwo8wc8k | cmnfr2q9u0b93xks32yg0ywqm | cmnqd3kds000jwo0wsq67se2k | cmnqd45qb01auwo0wbxjb20fx | cmnqd4okv02l5wo0wiq5oxilw | cmnr5cl6407shys0pz1pykii8 | cmnsobvxt000q77spq4tb1hx7
SKU0369,7,7,1,1,cmlgo8w1z0000zvy5mwo8wc8k | cmnfr2q9u0b93xks32yg0ywqm | cmnqd3kds000jwo0wsq67se2k | cmnqd45qb01auwo0wbxjb20fx | cmnqd4okv02l5wo0wiq5oxilw | cmnr5cl6407shys0pz1pykii8 | cmnsobvxt000q77spq4tb1hx7
SKU0370,7,7,1,1,cmlgo8w1z0000zvy5mwo8wc8k | cmnfr2q9u0b93xks32yg0ywqm | cmnqd3kds000jwo0wsq67se2k | cmnqd45qb01auwo0wbxjb20fx | cmnqd4okv02l5wo0wiq5oxilw | cmnr5cl6407shys0pz1pykii8 | cmnsobvxt000q77spq4tb1hx7
SKU0371,7,7,1,1,cmlgo8w1z0000zvy5mwo8wc8k | cmnfr2q9u0b93xks32yg0ywqm | cmnqd3kds000jwo0wsq67se2k | cmnqd45qb01auwo0wbxjb20fx | cmnqd4okv02l5wo0wiq5oxilw | cmnr5cl6407shys0pz1pykii8 | cmnsobvxt000q77spq4tb1hx7
SKU0372,7,7,1,1,cmlgo8w1z0000zvy5mwo8wc8k | cmnfr2q9u0b93xks32yg0ywqm | cmnqd3kds000jwo0wsq67se2k | cmnqd45qb01auwo0wbxjb20fx | cmnqd4okv02l5wo0wiq5oxilw | cmnr5cl6407shys0pz1pykii8 | cmnsobvxt000q77spq4tb1hx7
SKU0373,7,7,1,1,cmlgo8w1z0000zvy5mwo8wc8k | cmnfr2q9u0b93xks32yg0ywqm | cmnqd3kds000jwo0wsq67se2k | cmnqd45qb01auwo0wbxjb20fx | cmnqd4okv02l5wo0wiq5oxilw | cmnr5cl6407shys0pz1pykii8 | cmnsobvxt000q77spq4tb1hx7
SKU0374,7,7,1,1,cmlgo8w1z0000zvy5mwo8wc8k | cmnfr2q9u0b93xks32yg0ywqm | cmnqd3kds000jwo0wsq67se2k | cmnqd45qb01auwo0wbxjb20fx | cmnqd4okv02l5wo0wiq5oxilw | cmnr5cl6407shys0pz1pykii8 | cmnsobvxt000q77spq4tb1hx7
SKU0375,7,7,1,1,cmlgo8w1z0000zvy5mwo8wc8k | cmnfr2q9u0b93xks32yg0ywqm | cmnqd3kds000jwo0wsq67se2k | cmnqd45qb01auwo0wbxjb20fx | cmnqd4okv02l5wo0wiq5oxilw | cmnr5cl6407shys0pz1pykii8 | cmnsobvxt000q77spq4tb1hx7
SKU0376,7,7,1,1,cmlgo8w1z0000zvy5mwo8wc8k | cmnfr2q9u0b93xks32yg0ywqm | cmnqd3kds000jwo0wsq67se2k | cmnqd45qb01auwo0wbxjb20fx | cmnqd4okv02l5wo0wiq5oxilw | cmnr5cl6407shys0pz1pykii8 | cmnsobvxt000q77spq4tb1hx7
SKU0377,7,7,1,1,cmlgo8w1z0000zvy5mwo8wc8k | cmnfr2q9u0b93xks32yg0ywqm | cmnqd3kds000jwo0wsq67se2k | cmnqd45qb01auwo0wbxjb20fx | cmnqd4okv02l5wo0wiq5oxilw | cmnr5cl6407shys0pz1pykii8 | cmnsobvxt000q77spq4tb1hx7
SKU0378,7,7,1,1,cmlgo8w1z0000zvy5mwo8wc8k | cmnfr2q9u0b93xks32yg0ywqm | cmnqd3kds000jwo0wsq67se2k | cmnqd45qb01auwo0wbxjb20fx | cmnqd4okv02l5wo0wiq5oxilw | cmnr5cl6407shys0pz1pykii8 | cmnsobvxt000q77spq4tb1hx7
SKU0379,7,7,1,1,cmlgo8w1z0000zvy5mwo8wc8k | cmnfr2q9u0b93xks32yg0ywqm | cmnqd3kds000jwo0wsq67se2k | cmnqd45qb01auwo0wbxjb20fx | cmnqd4okv02l5wo0wiq5oxilw | cmnr5cl6407shys0pz1pykii8 | cmnsobvxt000q77spq4tb1hx7
SKU0380,7,7,1,1,cmlgo8w1z0000zvy5mwo8wc8k | cmnfr2q9u0b93xks32yg0ywqm | cmnqd3kds000jwo0wsq67se2k | cmnqd45qb01auwo0wbxjb20fx | cmnqd4okv02l5wo0wiq5oxilw | cmnr5cl6407shys0pz1pykii8 | cmnsobvxt000q77spq4tb1hx7
SKU0381,7,7,1,1,cmlgo8w1z0000zvy5mwo8wc8k | cmnfr2q9u0b93xks32yg0ywqm | cmnqd3kds000jwo0wsq67se2k | cmnqd45qb01auwo0wbxjb20fx | cmnqd4okv02l5wo0wiq5oxilw | cmnr5cl6407shys0pz1pykii8 | cmnsobvxt000q77spq4tb1hx7
SKU0382,7,7,1,1,cmlgo8w1z0000zvy5mwo8wc8k | cmnfr2q9u0b93xks32yg0ywqm | cmnqd3kds000jwo0wsq67se2k | cmnqd45qb01auwo0wbxjb20fx | cmnqd4okv02l5wo0wiq5oxilw | cmnr5cl6407shys0pz1pykii8 | cmnsobvxt000q77spq4tb1hx7
SKU0383,7,7,1,1,cmlgo8w1z0000zvy5mwo8wc8k | cmnfr2q9u0b93xks32yg0ywqm | cmnqd3kds000jwo0wsq67se2k | cmnqd45qb01auwo0wbxjb20fx | cmnqd4okv02l5wo0wiq5oxilw | cmnr5cl6407shys0pz1pykii8 | cmnsobvxt000q77spq4tb1hx7
SKU0384,7,7,1,1,cmlgo8w1z0000zvy5mwo8wc8k | cmnfr2q9u0b93xks32yg0ywqm | cmnqd3kds000jwo0wsq67se2k | cmnqd45qb01auwo0wbxjb20fx | cmnqd4okv02l5wo0wiq5oxilw | cmnr5cl6407shys0pz1pykii8 | cmnsobvxt000q77spq4tb1hx7
SKU0385,7,7,1,1,cmlgo8w1z0000zvy5mwo8wc8k | cmnfr2q9u0b93xks32yg0ywqm | cmnqd3kds000jwo0wsq67se2k | cmnqd45qb01auwo0wbxjb20fx | cmnqd4okv02l5wo0wiq5oxilw | cmnr5cl6407shys0pz1pykii8 | cmnsobvxt000q77spq4tb1hx7
SKU0386,7,7,1,1,cmlgo8w1z0000zvy5mwo8wc8k | cmnfr2q9u0b93xks32yg0ywqm | cmnqd3kds000jwo0wsq67se2k | cmnqd45qb01auwo0wbxjb20fx | cmnqd4okv02l5wo0wiq5oxilw | cmnr5cl6407shys0pz1pykii8 | cmnsobvxt000q77spq4tb1hx7
SKU0387,7,7,1,1,cmlgo8w1z0000zvy5mwo8wc8k | cmnfr2q9u0b93xks32yg0ywqm | cmnqd3kds000jwo0wsq67se2k | cmnqd45qb01auwo0wbxjb20fx | cmnqd4okv02l5wo0wiq5oxilw | cmnr5cl6407shys0pz1pykii8 | cmnsobvxt000q77spq4tb1hx7
SKU0388,7,7,1,1,cmlgo8w1z0000zvy5mwo8wc8k | cmnfr2q9u0b93xks32yg0ywqm | cmnqd3kds000jwo0wsq67se2k | cmnqd45qb01auwo0wbxjb20fx | cmnqd4okv02l5wo0wiq5oxilw | cmnr5cl6407shys0pz1pykii8 | cmnsobvxt000q77spq4tb1hx7
SKU0389,7,7,1,1,cmlgo8w1z0000zvy5mwo8wc8k | cmnfr2q9u0b93xks32yg0ywqm | cmnqd3kds000jwo0wsq67se2k | cmnqd45qb01auwo0wbxjb20fx | cmnqd4okv02l5wo0wiq5oxilw | cmnr5cl6407shys0pz1pykii8 | cmnsobvxt000q77spq4tb1hx7
SKU0390,7,7,1,1,cmlgo8w1z0000zvy5mwo8wc8k | cmnfr2q9u0b93xks32yg0ywqm | cmnqd3kds000jwo0wsq67se2k | cmnqd45qb01auwo0wbxjb20fx | cmnqd4okv02l5wo0wiq5oxilw | cmnr5cl6407shys0pz1pykii8 | cmnsobvxt000q77spq4tb1hx7
SKU0391,7,7,1,1,cmlgo8w1z0000zvy5mwo8wc8k | cmnfr2q9u0b93xks32yg0ywqm | cmnqd3kds000jwo0wsq67se2k | cmnqd45qb01auwo0wbxjb20fx | cmnqd4okv02l5wo0wiq5oxilw | cmnr5cl6407shys0pz1pykii8 | cmnsobvxt000q77spq4tb1hx7
SKU0392,7,7,1,1,cmlgo8w1z0000zvy5mwo8wc8k | cmnfr2q9u0b93xks32yg0ywqm | cmnqd3kds000jwo0wsq67se2k | cmnqd45qb01auwo0wbxjb20fx | cmnqd4okv02l5wo0wiq5oxilw | cmnr5cl6407shys0pz1pykii8 | cmnsobvxt000q77spq4tb1hx7
SKU0402,7,6,1,1,cmnfr2q9u0b93xks32yg0ywqm | cmnqd3kds000jwo0wsq67se2k | cmnqd45qb01auwo0wbxjb20fx | cmnqd4okv02l5wo0wiq5oxilw | cmnr5cl6407shys0pz1pykii8 | cmnsobvxt000q77spq4tb1hx7 | [null]
SKU0403,7,6,1,1,cmnfr2q9u0b93xks32yg0ywqm | cmnqd3kds000jwo0wsq67se2k | cmnqd45qb01auwo0wbxjb20fx | cmnqd4okv02l5wo0wiq5oxilw | cmnr5cl6407shys0pz1pykii8 | cmnsobvxt000q77spq4tb1hx7 | [null]
SKU0404,7,6,1,1,cmnfr2q9u0b93xks32yg0ywqm | cmnqd3kds000jwo0wsq67se2k | cmnqd45qb01auwo0wbxjb20fx | cmnqd4okv02l5wo0wiq5oxilw | cmnr5cl6407shys0pz1pykii8 | cmnsobvxt000q77spq4tb1hx7 | [null]
SKU0405,7,6,1,1,cmnfr2q9u0b93xks32yg0ywqm | cmnqd3kds000jwo0wsq67se2k | cmnqd45qb01auwo0wbxjb20fx | cmnqd4okv02l5wo0wiq5oxilw | cmnr5cl6407shys0pz1pykii8 | cmnsobvxt000q77spq4tb1hx7 | [null]
SKU0406,7,6,1,1,cmnfr2q9u0b93xks32yg0ywqm | cmnqd3kds000jwo0wsq67se2k | cmnqd45qb01auwo0wbxjb20fx | cmnqd4okv02l5wo0wiq5oxilw | cmnr5cl6407shys0pz1pykii8 | cmnsobvxt000q77spq4tb1hx7 | [null]
SKU0407,7,6,1,1,cmnfr2q9u0b93xks32yg0ywqm | cmnqd3kds000jwo0wsq67se2k | cmnqd45qb01auwo0wbxjb20fx | cmnqd4okv02l5wo0wiq5oxilw | cmnr5cl6407shys0pz1pykii8 | cmnsobvxt000q77spq4tb1hx7 | [null]
SKU0408,7,6,1,1,cmnfr2q9u0b93xks32yg0ywqm | cmnqd3kds000jwo0wsq67se2k | cmnqd45qb01auwo0wbxjb20fx | cmnqd4okv02l5wo0wiq5oxilw | cmnr5cl6407shys0pz1pykii8 | cmnsobvxt000q77spq4tb1hx7 | [null]
SKU0409,7,6,1,1,cmnfr2q9u0b93xks32yg0ywqm | cmnqd3kds000jwo0wsq67se2k | cmnqd45qb01auwo0wbxjb20fx | cmnqd4okv02l5wo0wiq5oxilw | cmnr5cl6407shys0pz1pykii8 | cmnsobvxt000q77spq4tb1hx7 | [null]
SKU0410,6,6,1,1,cmlgo8w1z0000zvy5mwo8wc8k | cmnqd3kds000jwo0wsq67se2k | cmnqd45qb01auwo0wbxjb20fx | cmnqd4okv02l5wo0wiq5oxilw | cmnr5cl6407shys0pz1pykii8 | cmnsobvxt000q77spq4tb1hx7
SKU0411,6,6,1,1,cmlgo8w1z0000zvy5mwo8wc8k | cmnqd3kds000jwo0wsq67se2k | cmnqd45qb01auwo0wbxjb20fx | cmnqd4okv02l5wo0wiq5oxilw | cmnr5cl6407shys0pz1pykii8 | cmnsobvxt000q77spq4tb1hx7
SKU0412,6,6,1,1,cmlgo8w1z0000zvy5mwo8wc8k | cmnqd3kds000jwo0wsq67se2k | cmnqd45qb01auwo0wbxjb20fx | cmnqd4okv02l5wo0wiq5oxilw | cmnr5cl6407shys0pz1pykii8 | cmnsobvxt000q77spq4tb1hx7
SKU0413,6,6,1,1,cmlgo8w1z0000zvy5mwo8wc8k | cmnqd3kds000jwo0wsq67se2k | cmnqd45qb01auwo0wbxjb20fx | cmnqd4okv02l5wo0wiq5oxilw | cmnr5cl6407shys0pz1pykii8 | cmnsobvxt000q77spq4tb1hx7
SKU0414,6,6,1,1,cmlgo8w1z0000zvy5mwo8wc8k | cmnqd3kds000jwo0wsq67se2k | cmnqd45qb01auwo0wbxjb20fx | cmnqd4okv02l5wo0wiq5oxilw | cmnr5cl6407shys0pz1pykii8 | cmnsobvxt000q77spq4tb1hx7
SKU0415,6,6,1,1,cmlgo8w1z0000zvy5mwo8wc8k | cmnqd3kds000jwo0wsq67se2k | cmnqd45qb01auwo0wbxjb20fx | cmnqd4okv02l5wo0wiq5oxilw | cmnr5cl6407shys0pz1pykii8 | cmnsobvxt000q77spq4tb1hx7
SKU0416,6,6,1,1,cmlgo8w1z0000zvy5mwo8wc8k | cmnqd3kds000jwo0wsq67se2k | cmnqd45qb01auwo0wbxjb20fx | cmnqd4okv02l5wo0wiq5oxilw | cmnr5cl6407shys0pz1pykii8 | cmnsobvxt000q77spq4tb1hx7
SKU0417,2,2,1,1,cmlgo8w1z0000zvy5mwo8wc8k | cmnsobvxt000q77spq4tb1hx7
